Lon,Lat,No,省市,地市,区县,"矿山位置	",主体编号,图斑编号,修复图斑编号,"中心经度	","中心纬度	",Area,图斑小类,修复状态,修复模式,完成时间,Area2,未治理面积,填报单位,填报人,填报日期,备注,矿山位置,矿种,开采方式,关闭年度,图斑属性
115.513016,28.547697,1,江西省,宜春市,高安市,江西省宜春市高安市大城镇官庄村,C3609832009037120010966,C3609832009037120010966001,C3609832009037120010966001,115.513016,28.547697,15391.28,由政府承担治理恢复责任的政策性关闭矿山,完全修复,自然恢复,Dec-24,15391.28,0,高安市自然资源局,黄文,2024-12-31,,江西省宜春市高安市大城镇官庄村,84412,A,2017,1
115.514496,28.546764,2,江西省,宜春市,高安市,江西省宜春市高安市大城镇官庄村,C3609832009037120010966,C3609832009037120010966002,C3609832009037120010966002,115.514496,28.546764,16197.11,由政府承担治理恢复责任的政策性关闭矿山,完全修复,自然恢复,Dec-24,16197.11,0,高安市自然资源局,黄文,2025-1-1,,江西省宜春市高安市大城镇官庄村,84412,A,2017,4
115.49992,28.560516,3,江西省,宜春市,高安市,江西省宜春市高安市大城镇涂家村,C3609832009037120010967,C3609832009037120010967002,C3609832009037120010967002,115.49992,28.560516,4237.96,由政府承担治理恢复责任的政策性关闭矿山,完全修复,自然恢复,Dec-24,4237.96,0,高安市自然资源局,黄文,2025-1-1,,江西省宜春市高安市大城镇涂家村,84412,A,2017,1
115.49828,28.144138,7,江西省,宜春市,高安市,江西省宜春市高安市八景镇胡家坊村,C3609832009037120011124,C3609832009037120011124001,C3609832009037120011124001,115.49828,28.144138,19241.62,由政府承担治理恢复责任的政策性关闭矿山,完全修复,自然恢复,Dec-24,19241.62,0,高安市自然资源局,黄文,2025-1-1,,江西省宜春市高安市八景镇胡家坊村,84412,A,2017,2
115.498436,28.142723,8,江西省,宜春市,高安市,江西省宜春市高安市八景镇胡家坊村,C3609832009037120011124,C3609832009037120011124002,C3609832009037120011124002,115.498436,28.142723,30440.1,由政府承担治理恢复责任的政策性关闭矿山,完全修复,自然恢复,Dec-24,30440.1,0,高安市自然资源局,黄文,2024-12-31,,江西省宜春市高安市八景镇胡家坊村,84412,A,2017,1
115.441124,28.167604,10,江西省,宜春市,高安市,江西省宜春市高安市八景镇上保村,C3609832009037120011283,C3609832009037120011283002,C3609832009037120011283002,115.441124,28.167604,13769.26,由政府承担治理恢复责任的政策性关闭矿山,完全修复,自然恢复,Dec-24,13769.26,0,高安市自然资源局,黄文,2025-1-1,,江西省宜春市高安市八景镇上保村,84412,A,2018,2
115.44155,28.169565,11,江西省,宜春市,高安市,江西省宜春市高安市八景镇上保村,C3609832009037120011283,C3609832009037120011283003,C3609832009037120011283003,115.44155,28.169565,21346.97,由政府承担治理恢复责任的政策性关闭矿山,完全修复,自然恢复,Dec-24,21346.97,0,高安市自然资源局,黄文,2025-1-5,,江西省宜春市高安市八景镇上保村,84412,A,2017,2
115.15649,28.411585,12,江西省,宜春市,高安市,江西省宜春市高安市村前镇黄谷村,C3609832009037120011514,C3609832009037120011514002,C3609832009037120011514002,115.15649,28.411585,28111.36,由政府承担治理恢复责任的政策性关闭矿山,完全修复,自然恢复,Dec-24,28111.36,0,高安市自然资源局,黄文,2024-12-31,,江西省宜春市高安市村前镇黄谷村,84412,A,2017,1
115.13637,28.48373,13,江西省,宜春市,高安市,江西省宜春市高安市村前镇养殖场,C3609832009037120011715,C3609832009037120011715002,C3609832009037120011715002,115.13637,28.48373,26866.5,由政府承担治理恢复责任的政策性关闭矿山,完全修复,自然恢复,Dec-23,26866.5,0,高安市自然资源局,黄文,2024-1-9,,江西省宜春市高安市村前镇养殖场,84412,A,2017,1
115.1583,28.413097,14,江西省,宜春市,高安市,江西省宜春市高安市村前镇山下村,C3609832009037120011885,C3609832009037120011885001,C3609832009037120011885001,115.1583,28.413097,14807.51,由政府承担治理恢复责任的政策性关闭矿山,完全修复,自然恢复,Dec-23,14807.51,0,高安市自然资源局,黄文,2024-1-9,,江西省宜春市高安市村前镇山下村,84412,A,2017,1
115.15962,28.412066,15,江西省,宜春市,高安市,江西省宜春市高安市村前镇山下村,C3609832009037120011885,C3609832009037120011885002,C3609832009037120011885002,115.15962,28.412066,19331.49,由政府承担治理恢复责任的政策性关闭矿山,完全修复,自然恢复,Dec-24,19331.49,0,高安市自然资源局,黄文,2025-1-1,,江西省宜春市高安市村前镇山下村,84412,A,2017,4
115.46845,28.385883,16,江西省,宜春市,高安市,江西省宜春市高安市蓝坊镇汉塘村,C3609832009047120010968,C3609832009047120010968001,C3609832009047120010968001,115.46845,28.385883,8037.8,由政府承担治理恢复责任的政策性关闭矿山,完全修复,自然恢复,Dec-23,8037.8,0,高安市自然资源局,黄文,2024-1-9,,江西省宜春市高安市蓝坊镇汉塘村,84412,A,2017,1
115.54666,28.580961,21,江西省,宜春市,高安市,江西省宜春市高安市大城镇金田村,C3609832009047120011313,C3609832009047120011313002,C3609832009047120011313002,115.54666,28.580961,39038.28,由政府承担治理恢复责任的政策性关闭矿山,完全修复,自然恢复,Dec-24,39038.28,0,高安市自然资源局,黄文,2024-12-31,,江西省宜春市高安市大城镇金田村,84412,A,2017,1
115.44679,28.253202,22,江西省,宜春市,高安市,江西省宜春市高安市独城镇田心村,C3609832009047120011314,C3609832009047120011314001,C3609832009047120011314001,115.44679,28.253202,6371.4,无法确认治理恢复责任主体的无主废弃矿山,完全修复,自然恢复,Dec-23,6371.4,0,高安市自然资源局,黄文,2023-11-24,,江西省宜春市高安市独城镇田心村,84412,A,2017,1
115.223564,28.130013,25,江西省,宜春市,高安市,江西省宜春市高安市建山镇坎头村,C3609832009047120011893,C3609832009047120011893001,C3609832009047120011893001,115.223564,28.130013,20238.65,由政府承担治理恢复责任的政策性关闭矿山,完全修复,自然恢复,Dec-24,20238.65,0,高安市自然资源局,黄文,2025-1-1,,江西省宜春市高安市建山镇坎头村,84412,A,2017,1
115.468,28.22943,27,江西省,宜春市,高安市,江西省宜春市高安市独城镇水管站,C3609832009047120012393,C3609832009047120012393002,C3609832009047120012393002,115.468,28.22943,29747.83,由政府承担治理恢复责任的政策性关闭矿山,完全修复,自然恢复,Dec-24,29747.83,0,高安市自然资源局,黄文,2024-12-31,,江西省宜春市高安市独城镇水管站,84412,A,2017,1
115.35365,28.264854,28,江西省,宜春市,高安市,江西省宜春市高安市黄沙岗镇田溪村,C3609832009047120012399,C3609832009047120012399002,C3609832009047120012399002,115.35365,28.264854,12029.48,由政府承担治理恢复责任的政策性关闭矿山,完全修复,自然恢复,Dec-23,12029.48,0,高安市自然资源局,黄文,2024-1-9,,江西省宜春市高安市黄沙岗镇田溪村,84412,A,2017,2
115.45966,28.403103,31,江西省,宜春市,高安市,江西省宜春市高安市蓝坊镇汉塘村,C3609832009047120012408,C3609832009047120012408001,C3609832009047120012408001,115.45966,28.403103,13147.2,由政府承担治理恢复责任的政策性关闭矿山,完全修复,自然恢复,Dec-24,13147.2,0,高安市自然资源局,黄文,2024-12-31,,江西省宜春市高安市蓝坊镇汉塘村,84412,A,2017,4
115.504974,28.568304,33,江西省,宜春市,高安市,江西省宜春市高安市大城镇赤土村,C3609832009047120013405,C3609832009047120013405002,C36098320090471200134050021,115.504974,28.568304,29970.2,由政府承担治理恢复责任的政策性关闭矿山,部分修复,自然恢复,Dec-23,25539.9,4430.3,高安市自然资源局,黄文,2024-1-9,,江西省宜春市高安市大城镇赤土村,84412,A,2017,1
115.48,28.500208,34,江西省,宜春市,高安市,江西省宜春市高安市大城镇古楼村,C3609832009047120013407,C3609832009047120013407001,C3609832009047120013407001,115.48,28.500208,23336.84,由政府承担治理恢复责任的政策性关闭矿山,完全修复,自然恢复,Dec-23,23336.84,0,高安市自然资源局,黄文,2024-1-9,,江西省宜春市高安市大城镇古楼村,84412,A,2017,1
115.466225,28.417587,39,江西省,宜春市,高安市,江西省宜春市高安市蓝坊镇长乐村,C3609832009047120013412,C3609832009047120013412002,C3609832009047120013412002,115.466225,28.417587,18474.95,由政府承担治理恢复责任的政策性关闭矿山,完全修复,自然恢复,Dec-24,18474.95,0,高安市自然资源局,黄文,2024-12-31,,江西省宜春市高安市蓝坊镇长乐村,84412,A,2017,1
115.3911,28.226976,41,江西省,宜春市,高安市,江西省宜春市高安市新街镇新街村,C3609832009047120013421,C3609832009047120013421002,C3609832009047120013421002,115.3911,28.226976,13135.62,无法确认治理恢复责任主体的无主废弃矿山,完全修复,自然恢复,Dec-23,13135.62,0,高安市自然资源局,黄文,2024-1-9,,江西省宜春市高安市新街镇新街村,84412,A,2016,2
115.20891,28.347334,50,江西省,宜春市,高安市,江西省宜春市高安市杨圩镇谢家村,C3609832016127130143528,C3609832016127130143528003,C3609832016127130143528003,115.20891,28.347334,4442.89,由政府承担治理恢复责任的政策性关闭矿山,完全修复,自然恢复,Dec-23,4442.89,0,高安市自然资源局,黄文,2024-1-9,,江西省宜春市高安市杨圩镇谢家村,84412,A,2017,1
115.126,28.331654,53,江西省,宜春市,高安市,江西省宜春市高安市杨圩镇梨塘村,C3609832016127130143564,C3609832016127130143564002,C3609832016127130143564002,115.126,28.331654,22205.21,由政府承担治理恢复责任的政策性关闭矿山,完全修复,自然恢复,Dec-23,22205.21,0,高安市自然资源局,黄文,2023-11-24,,江西省宜春市高安市杨圩镇梨塘村,84412,A,2017,4
117.607796,28.454493,71,江西省,上饶市,横峰县,江西省上饶市横峰县岑阳镇岑港村,C3611252012017130123816,C3611252012017130123816002,C3611252012017130123816002,117.607796,28.454493,31219.28,由政府承担治理恢复责任的政策性关闭矿山,完全修复,自然恢复,Dec-24,31219.28,0,横峰县自然资源局,方东福,2023-12-6,,江西省上饶市横峰县岑阳镇岑港村,84412,A,2019年,1
114.48675,25.553091,89,江西省,赣州市,大余县,江西省赣州市大余县樟斗镇樟斗村,ZJ3607232021017,ZJ3607232021017001,ZJ3607232021017001,114.48675,25.553091,3161.73,无法确认治理恢复责任主体的无主废弃矿山,完全修复,自然恢复,Dec-23,3161.73,0,自然资源局,罗少华,2024-1-5,,江西省赣州市大余县樟斗镇樟斗村,32014,B,1988年之前,3
115.33837,25.133667,99,江西省,赣州市,安远县,江西省赣州市安远县新龙乡田心村,ZJ3607262021123,ZJ3607262021123001,ZJ3607262021123001,115.33837,25.133667,3011.46,无法确认治理恢复责任主体的无主废弃矿山,完全修复,自然恢复,Dec-23,3011.46,0,安远县自然资源局,刘文福,2024-1-8,,江西省赣州市安远县新龙乡田心村,52600,A,2013年之前,1
114.95269,24.792194,101,江西省,赣州市,定南县,江西省赣州市龙南县关西镇关东村/历市镇修建村,ZJ3607272021060,ZJ3607272021060001,ZJ3607272021060001,114.95269,24.792194,33436.36,无法确认治理恢复责任主体的无主废弃矿山,完全修复,自然恢复,Dec-23,33436.36,0,定南县自然资源局,朱红,2023-12-7,,江西省赣州市龙南县关西镇关东村/历市镇修建村,84132,A,2005,1
115.72436,26.29287,116,江西省,赣州市,于都县,江西省赣州市于都县葛坳乡牛颈村,ZJ3607312021047,ZJ3607312021047001,ZJ3607312021047001,115.72436,26.29287,786.46,无法确认治理恢复责任主体的无主废弃矿山,完全修复,自然恢复,Dec-23,786.46,0,于都县自然资源局,唐晓珍,2024-1-24,,江西省赣州市于都县葛坳乡牛颈村,83907,A,2018年之前,1
115.35514,26.477137,138,江西省,赣州市,兴国县,江西省赣州市兴国县方太乡宝石村,ZJ3607322021046,ZJ3607322021046001,ZJ3607322021046001,115.35514,26.477137,2739.78,无法确认治理恢复责任主体的无主废弃矿山,完全修复,自然恢复,Dec-23,2739.78,0,兴国县自然资源局,吕石昆,2024-1-17,,江西省赣州市兴国县方太乡宝石村,84132,A,2012,1
115.1576,26.404875,139,江西省,赣州市,兴国县,江西省赣州市兴国县茶园乡里溪村,ZJ3607322021048,ZJ3607322021048002,ZJ3607322021048002,115.1576,26.404875,74953.66,无法确认治理恢复责任主体的无主废弃矿山,完全修复,自然恢复,Dec-23,74953.66,0,兴国县自然资源局,吕石昆,2024-1-17,,江西省赣州市兴国县茶园乡里溪村,84132,A,2015,1
115.71809,27.047855,159,江西省,吉安市,永丰县,江西省吉安市永丰县石马镇梅田村/陶塘乡邱坊村,C3608252009047130052466,C3608252009047130052466001,C3608252009047130052466001,115.71809,27.047855,18984.11,无法确认治理恢复责任主体的无主废弃矿山,完全修复,自然恢复,Dec-24,18984.11,0,永丰县自然资源局,李皆林,2025-1-13,,江西省吉安市永丰县石马镇梅田村/陶塘乡邱坊村,83907,A,2018,1
115.718834,27.04869,160,江西省,吉安市,永丰县,江西省吉安市永丰县陶塘乡邱坊村,C3608252009047130052466,C3608252009047130052466002,C3608252009047130052466002,115.718834,27.04869,34017.02,无法确认治理恢复责任主体的无主废弃矿山,完全修复,自然恢复,Dec-24,34017.02,0,永丰县自然资源局,李皆林,2025-1-13,矿山未在三区两线可视范围，岩壁稳定，平台已复绿。,江西省吉安市永丰县陶塘乡邱坊村,83907,A,2018,1
115.73523,27.057613,161,江西省,吉安市,永丰县,江西省吉安市永丰县陶塘乡谢坊村,C3608252009067130052464,C3608252009067130052464001,C3608252009067130052464001,115.73523,27.057613,5126.13,无法确认治理恢复责任主体的无主废弃矿山,完全修复,自然恢复,Dec-24,5126.13,0,永丰县自然资源局,李皆林,2025-1-13,,江西省吉安市永丰县陶塘乡谢坊村,83900,A,2018,1
115.739136,27.058548,162,江西省,吉安市,永丰县,江西省吉安市永丰县陶塘乡金溪村/陶塘乡谢坊村,C3608252009067130052464,C3608252009067130052464003,C3608252009067130052464003,115.739136,27.058548,12334.08,无法确认治理恢复责任主体的无主废弃矿山,完全修复,自然恢复,Dec-24,12334.08,0,永丰县自然资源局,李皆林,2025-2-23,,江西省吉安市永丰县陶塘乡金溪村/陶塘乡谢坊村,83900,A,2018,1
115.70995,27.078892,163,江西省,吉安市,永丰县,江西省吉安市永丰县陶塘乡园内村,C3608252009077130052482,C3608252009077130052482002,C3608252009077130052482002,115.70995,27.078892,53753.54,无法确认治理恢复责任主体的无主废弃矿山,完全修复,自然恢复,Dec-24,53753.54,0,永丰县自然资源局,李皆林,2025-2-23,,江西省吉安市永丰县陶塘乡园内村,83900,A,2017,1
115.799576,27.029413,164,江西省,吉安市,永丰县,江西省吉安市永丰县石马镇济民村,C3608252009077130052544,C3608252009077130052544001,C3608252009077130052544001,115.799576,27.029413,18196.08,无法确认治理恢复责任主体的无主废弃矿山,完全修复,自然恢复,Dec-24,18196.08,0,永丰县自然资源局,李皆林,2025-1-13,,江西省吉安市永丰县石马镇济民村,83907,A,2018,1
115.780174,27.01634,165,江西省,吉安市,永丰县,江西省吉安市永丰县石马镇东湖村,C3608252009117130046918,C3608252009117130046918002,C3608252009117130046918002,115.780174,27.01634,21794.52,无法确认治理恢复责任主体的无主废弃矿山,完全修复,自然恢复,Dec-24,21794.52,0,永丰县自然资源局,李皆林,2025-1-13,,江西省吉安市永丰县石马镇东湖村,83909,A,2018,1
115.62812,27.002121,166,江西省,吉安市,永丰县,江西省吉安市永丰县官山林场/藤田镇严坊村,C3608252009117230071317,C3608252009117230071317001,C3608252009117230071317001,115.62812,27.002121,18357.92,无法确认治理恢复责任主体的无主废弃矿山,完全修复,自然恢复,Dec-24,18357.92,0,永丰县自然资源局,李皆林,2025-1-13,,江西省吉安市永丰县官山林场/藤田镇严坊村,84412,A,2016,1
115.51574,27.162962,170,江西省,吉安市,永丰县,江西省吉安市永丰县古县镇古县村,C3608252010037230073368,C3608252010037230073368001,C3608252010037230073368001,115.51574,27.162962,1590.12,无法确认治理恢复责任主体的无主废弃矿山,完全修复,自然恢复,Dec-24,1590.12,0,永丰县自然资源局,李皆林,2025-2-23,,江西省吉安市永丰县古县镇古县村,84412,A,2017,1
115.516815,27.163326,171,江西省,吉安市,永丰县,江西省吉安市永丰县古县镇古县村,C3608252010037230073368,C3608252010037230073368002,C3608252010037230073368002,115.516815,27.163326,41308.44,无法确认治理恢复责任主体的无主废弃矿山,完全修复,自然恢复,Dec-24,41308.44,0,永丰县自然资源局,李皆林,2025-1-13,,江西省吉安市永丰县古县镇古县村,84412,A,2017,1
115.51711,27.164799,172,江西省,吉安市,永丰县,江西省吉安市永丰县古县镇古县村,C3608252010037230073368,C3608252010037230073368003,C3608252010037230073368003,115.51711,27.164799,20583.43,无法确认治理恢复责任主体的无主废弃矿山,完全修复,自然恢复,Dec-24,20583.43,0,永丰县自然资源局,李皆林,2025-2-23,,江西省吉安市永丰县古县镇古县村,84412,A,2017,1
115.48497,27.331163,173,江西省,吉安市,永丰县,江西省吉安市永丰县佐龙乡坪下村,C3608252010037230088716,C3608252010037230088716001,C3608252010037230088716001,115.48497,27.331163,11226.79,无法确认治理恢复责任主体的无主废弃矿山,完全修复,自然恢复,Dec-23,11226.79,0,永丰县自然资源局,李皆林,2024-1-3,,江西省吉安市永丰县佐龙乡坪下村,84412,A,2017,7
115.485504,27.332142,174,江西省,吉安市,永丰县,江西省吉安市永丰县佐龙乡坪下村,C3608252010037230088716,C3608252010037230088716002,C3608252010037230088716002,115.485504,27.332142,33508.57,无法确认治理恢复责任主体的无主废弃矿山,完全修复,自然恢复,Dec-23,33508.57,0,永丰县自然资源局,李皆林,2024-1-3,,江西省吉安市永丰县佐龙乡坪下村,84412,A,2017,1
115.475716,27.334133,176,江西省,吉安市,永丰县,江西省吉安市永丰县佐龙乡坪下村/佐龙乡西塘村,C3608252010037230091541,C3608252010037230091541002,C3608252010037230091541002,115.475716,27.334133,21934.62,无法确认治理恢复责任主体的无主废弃矿山,完全修复,自然恢复,Dec-24,21934.62,0,永丰县自然资源局,李皆林,2025-1-13,,江西省吉安市永丰县佐龙乡坪下村/佐龙乡西塘村,84412,A,2011,1
115.67,27.092018,178,江西省,吉安市,永丰县,江西省吉安市永丰县藤田镇田心村,C3608252010047130071322,C3608252010047130071322002,C3608252010047130071322002,115.67,27.092018,17681.76,无法确认治理恢复责任主体的无主废弃矿山,完全修复,自然恢复,Dec-23,17681.76,0,永丰县自然资源局,李皆林,2024-1-4,,江西省吉安市永丰县藤田镇田心村,84412,A,2017,1
115.67009,27.09447,179,江西省,吉安市,永丰县,江西省吉安市永丰县藤田镇田心村,C3608252010047130071322,C3608252010047130071322003,C36082520100471300713220031,115.67009,27.09447,12384.28,无法确认治理恢复责任主体的无主废弃矿山,部分修复,自然恢复,Dec-23,12384.28,330.95,永丰县自然资源局,李皆林,2024-1-4,,江西省吉安市永丰县藤田镇田心村,84412,A,2017,1
115.67121,27.09378,180,江西省,吉安市,永丰县,江西省吉安市永丰县藤田镇田心村,C3608252010047130071322,C3608252010047130071322004,C36082520100471300713220041,115.67121,27.09378,29735.11,无法确认治理恢复责任主体的无主废弃矿山,部分修复,自然恢复,Dec-23,25426.67,4308.44,永丰县自然资源局,李皆林,2024-1-3,,江西省吉安市永丰县藤田镇田心村,84412,A,2017,1
115.67135,27.092262,181,江西省,吉安市,永丰县,江西省吉安市永丰县藤田镇田心村,C3608252010047130071322,C3608252010047130071322005,C36082520100471300713220051,115.67135,27.092262,23767.56,无法确认治理恢复责任主体的无主废弃矿山,部分修复,自然恢复,Dec-21,9866.67,13900.89,永丰县自然资源局,李皆林,2024-1-4,,江西省吉安市永丰县藤田镇田心村,84412,A,2017,2
115.74339,27.017605,182,江西省,吉安市,永丰县,江西省吉安市永丰县石马镇源头村,C3608252010057130080925,C3608252010057130080925001,C3608252010057130080925001,115.74339,27.017605,24765.05,无法确认治理恢复责任主体的无主废弃矿山,完全修复,自然恢复,Dec-24,24765.05,0,永丰县自然资源局,李皆林,2025-1-13,,江西省吉安市永丰县石马镇源头村,83909,A,2017,1
115.48775,27.412336,183,江西省,吉安市,永丰县,江西省吉安市永丰县潭城乡辋川村,C3608252010067130067104,C3608252010067130067104001,C3608252010067130067104001,115.48775,27.412336,6965.08,无法确认治理恢复责任主体的无主废弃矿山,完全修复,自然恢复,Dec-24,6965.08,0,永丰县自然资源局,李皆林,2025-1-13,,江西省吉安市永丰县潭城乡辋川村,84711,A,2018,1
115.6449,27.007034,184,江西省,吉安市,永丰县,江西省吉安市永丰县藤田镇杏塘村,C3608252010117230102463,C3608252010117230102463011,C3608252010117230102463011,115.6449,27.007034,17772.97,无法确认治理恢复责任主体的无主废弃矿山,完全修复,自然恢复,Dec-24,17772.97,0,永丰县自然资源局,李皆林,2025-1-13,,江西省吉安市永丰县藤田镇杏塘村,84412,A,2017,1
115.64628,27.00075,185,江西省,吉安市,永丰县,江西省吉安市永丰县官山林场,C3608252010117230102463,C3608252010117230102463013,C3608252010117230102463013,115.64628,27.00075,73448.47,无法确认治理恢复责任主体的无主废弃矿山,完全修复,自然恢复,Dec-24,73448.47,0,永丰县自然资源局,李皆林,2025-1-13,,江西省吉安市永丰县官山林场,84412,A,2016,3
115.64945,27.002266,186,江西省,吉安市,永丰县,江西省吉安市永丰县官山林场,C3608252010117230102463,C3608252010117230102463014,C3608252010117230102463014,115.64945,27.002266,17118.72,无法确认治理恢复责任主体的无主废弃矿山,完全修复,自然恢复,Dec-24,17118.72,0,永丰县自然资源局,李皆林,2025-1-13,,江西省吉安市永丰县官山林场,84412,A,2019,7
115.64565,27.423443,187,江西省,吉安市,永丰县,江西省吉安市永丰县鹿冈乡高坑村/鹿冈乡贯前村,C3608252014087130135410,C3608252014087130135410001,C3608252014087130135410001,115.64565,27.423443,41556.25,无法确认治理恢复责任主体的无主废弃矿山,完全修复,自然恢复,Dec-24,41556.25,0,永丰县自然资源局,李皆林,2025-1-13,,江西省吉安市永丰县鹿冈乡高坑村/鹿冈乡贯前村,84132,A,2018,7
114.42578,27.147684,192,江西省,吉安市,安福县,江西省吉安市安福县金田乡园背村,C3608292009047130013992,C3608292009047130013992002,C3608292009047130013992002,114.42578,27.147684,7643.5,无法确认治理恢复责任主体的无主废弃矿山,完全修复,自然恢复,Dec-24,7643.5,0,安福县自然资源局,肖数清,2025-2-12,,江西省吉安市安福县金田乡园背村,84412,A,2017年,7
114.60226,27.359434,197,江西省,吉安市,安福县,江西省吉安市安福县平都镇李家村/平都镇上里村,C3608292010017120111840,C3608292010017120111840002,C3608292010017120111840002,114.60226,27.359434,14750.66,无法确认治理恢复责任主体的无主废弃矿山,完全修复,自然恢复,Dec-24,14750.66,0,安福县自然资源局,肖数清,2025-2-11,,江西省吉安市安福县平都镇李家村/平都镇上里村,84412,A,2015年,7
114.94483,28.83546,207,江西省,宜春市,靖安县,江西省宜春市靖安县中源乡合港村/中源乡三坪村,C3609002009067130020897,C3609002009067130020897002,C3609002009067130020897002,114.94483,28.83546,12811.57,无法确认治理恢复责任主体的无主废弃矿山,完全修复,自然恢复,Dec-24,12811.57,0,靖安县自然资源局,邱强伟,2024-12-31,,江西省宜春市靖安县中源乡合港村/中源乡三坪村,84170,A,2016 年前,1
115.49127,28.295523,208,江西省,宜春市,丰城市,江西省宜春市丰城市董家镇田东村委会,C3609002010017130056130,C3609002010017130056130001,C3609002010017130056130001,115.49127,28.295523,7034.36,无法确认治理恢复责任主体的无主废弃矿山,完全修复,自然恢复,Dec-24,7034.36,0,丰城市自然资源局,刘俊峰,2025-1-3,,江西省宜春市丰城市董家镇田东村委会,84150,A,2015年,1
115.291046,28.6055,210,江西省,宜春市,高安市,江西省宜春市高安市伍桥镇白土村,C3609002011087130117584,C3609002011087130117584007,C3609002011087130117584007,115.291046,28.6055,9626.41,无法确认治理恢复责任主体的无主废弃矿山,完全修复,自然恢复,Dec-23,9626.41,0,高安市自然资源局,黄文,2024-1-9,,江西省宜春市高安市伍桥镇白土村,84170,A,2015,1
115.17983,28.498474,211,江西省,宜春市,高安市,江西省宜春市高安市村前镇九美村,C3609002013127130132573,C3609002013127130132573001,C3609002013127130132573001,115.17983,28.498474,5796.02,无法确认治理恢复责任主体的无主废弃矿山,完全修复,自然恢复,Dec-23,5796.02,0,高安市自然资源局,黄文,2024-1-9,,江西省宜春市高安市村前镇九美村,84170,A,2017,1
114.50279,27.794222,219,江西省,宜春市,袁州区,江西省宜春市袁州区袁州区工业园区机电产业基地,C3609022008107120062037,C3609022008107120062037001,C3609022008107120062037001,114.50279,27.794222,12427.42,无法确认治理恢复责任主体的无主废弃矿山,完全修复,自然恢复,Dec-24,12427.42,0,宜春市自然资源局袁州分局,陈焯、杨庚、江冬亲,2024-12-18,,江西省宜春市袁州区袁州区工业园区机电产业基地,84412,A,2015,1
114.08207,27.82062,220,江西省,宜春市,袁州区,江西省宜春市袁州区竹亭镇罗布村委会,C3609022008107130078214,C3609022008107130078214001,C3609022008107130078214001,114.08207,27.82062,1669.83,无法确认治理恢复责任主体的无主废弃矿山,完全修复,自然恢复,Dec-23,1669.83,0,宜春市自然资源局袁州分局,杨庚,2024-1-3,,江西省宜春市袁州区竹亭镇罗布村委会,84412,A,2012,1
114.08231,27.819586,221,江西省,宜春市,袁州区,江西省宜春市袁州区竹亭镇罗布村委会/竹亭镇上车村委会,C3609022008107130078214,C3609022008107130078214002,C3609022008107130078214002,114.08231,27.819586,15759.92,无法确认治理恢复责任主体的无主废弃矿山,完全修复,自然恢复,Dec-23,15759.92,0,宜春市自然资源局袁州分局,杨庚,2024-1-3,,江西省宜春市袁州区竹亭镇罗布村委会/竹亭镇上车村委会,84412,A,2018年之前,1
114.265594,27.828508,223,江西省,宜春市,袁州区,江西省宜春市袁州区新田镇新田村委会,C3609022009067120035131,C3609022009067120035131001,C3609022009067120035131001,114.265594,27.828508,4188.57,无法确认治理恢复责任主体的无主废弃矿山,完全修复,自然恢复,Dec-24,4188.57,0,宜春市自然资源局袁州分局,陈焯、杨庚、江冬亲,2024-12-25,,江西省宜春市袁州区新田镇新田村委会,84412,A,2013,1
114.267006,27.829618,224,江西省,宜春市,袁州区,江西省宜春市袁州区新田镇新田村委会,C3609022009067120035131,C3609022009067120035131003,C3609022009067120035131003,114.267006,27.829618,5221.79,无法确认治理恢复责任主体的无主废弃矿山,完全修复,自然恢复,Dec-24,5221.79,0,宜春市自然资源局袁州分局,陈焯、杨庚、江冬亲,2024-12-24,,江西省宜春市袁州区新田镇新田村委会,84412,A,2016,2
114.11553,27.852415,225,江西省,宜春市,袁州区,江西省宜春市袁州区辽市镇寒岭村委会,C3609022009067120035133,C3609022009067120035133001,C3609022009067120035133001,114.11553,27.852415,11451.74,无法确认治理恢复责任主体的无主废弃矿山,完全修复,自然恢复,Dec-24,11451.74,0,宜春市自然资源局袁州分局,陈焯、杨庚、江冬亲,2024-12-16,,江西省宜春市袁州区辽市镇寒岭村委会,83907,A,2012,1
116.42947,28.587412,236,江西省,南昌市,进贤县,江西省南昌市进贤县梅庄镇新庄村,C3601242009067120020368,C3601242009067120020368001,C3601242009067120020368001,116.42947,28.587412,1276.54,由政府承担治理恢复责任的政策性关闭矿山,完全修复,自然恢复,Dec-24,1276.54,0,进贤县自然资源局,杨信平,2025-1-6,,江西省南昌市进贤县梅庄镇新庄村,84412,A,2018,1
116.2912,28.432377,237,江西省,南昌市,进贤县,江西省南昌市进贤县七里乡罗源村,C3601242009067120020369,C3601242009067120020369001,C3601242009067120020369001,116.2912,28.432377,11522.12,由政府承担治理恢复责任的政策性关闭矿山,完全修复,自然恢复,Dec-24,11522.12,0,进贤县自然资源局,杨信平,2025-1-6,,江西省南昌市进贤县七里乡罗源村,84412,A,2018,1
116.29155,28.433628,238,江西省,南昌市,进贤县,江西省南昌市进贤县七里乡罗源村,C3601242009067120020369,C3601242009067120020369002,C3601242009067120020369002,116.29155,28.433628,5588.91,由政府承担治理恢复责任的政策性关闭矿山,完全修复,自然恢复,Dec-24,5588.91,0,进贤县自然资源局,杨信平,2025-1-6,与图斑C3601242009067120020369001落在同一个坑塘中，故图斑照片一样,江西省南昌市进贤县七里乡罗源村,84412,A,2018,1
116.252,28.319977,241,江西省,南昌市,进贤县,江西省南昌市进贤县白圩乡流岭村/白圩乡县麻山林场,C3601242009067120020370,C3601242009067120020370002,C3601242009067120020370002,116.252,28.319977,2859.92,无法确认治理恢复责任主体的无主废弃矿山,完全修复,自然恢复,Dec-24,2859.92,0,进贤县自然资源局,杨信平,2025-1-6,,江西省南昌市进贤县白圩乡流岭村/白圩乡县麻山林场,84412,A,2014年之前,1
116.36227,28.356068,242,江西省,南昌市,进贤县,江西省南昌市进贤县民和镇陈家村/民和镇水产场,C3601242009067120020372,C3601242009067120020372001,C3601242009067120020372001,116.36227,28.356068,4213.4,无法确认治理恢复责任主体的无主废弃矿山,完全修复,自然恢复,Dec-24,4213.4,0,进贤县自然资源局,杨信平,2025-1-6,,江西省南昌市进贤县民和镇陈家村/民和镇水产场,84412,A,2015,1
116.32333,28.377111,243,江西省,南昌市,进贤县,江西省南昌市进贤县民和镇北岭村,C3601242009067120020373,C3601242009067120020373001,C3601242009067120020373001,116.32333,28.377111,1983.22,无法确认治理恢复责任主体的无主废弃矿山,完全修复,自然恢复,Dec-24,1983.22,0,进贤县自然资源局,杨信平,2025-1-6,,江西省南昌市进贤县民和镇北岭村,84412,A,2014年之前,1
116.32417,28.377995,244,江西省,南昌市,进贤县,江西省南昌市进贤县民和镇北岭村,C3601242009067120020373,C3601242009067120020373002,C3601242009067120020373002,116.32417,28.377995,980.09,无法确认治理恢复责任主体的无主废弃矿山,完全修复,自然恢复,Dec-24,980.09,0,进贤县自然资源局,杨信平,2025-1-6,,江西省南昌市进贤县民和镇北岭村,84412,A,2014年之前,1
116.228035,28.44916,246,江西省,南昌市,进贤县,江西省南昌市进贤县七里乡谷升村,C3601242009067120020379,C3601242009067120020379001,C3601242009067120020379001,116.228035,28.44916,17629.29,由政府承担治理恢复责任的政策性关闭矿山,完全修复,自然恢复,Dec-24,17629.29,0,进贤县自然资源局,杨信平,2025-1-6,,江西省南昌市进贤县七里乡谷升村,84412,A,2018,1
116.22906,28.449265,247,江西省,南昌市,进贤县,江西省南昌市进贤县七里乡谷升村,C3601242009067120020379,C3601242009067120020379002,C3601242009067120020379002,116.22906,28.449265,9613.87,由政府承担治理恢复责任的政策性关闭矿山,完全修复,自然恢复,Dec-24,9613.87,0,进贤县自然资源局,杨信平,2025-1-6,与图斑C3601242009067120020379001属于同一片水域,江西省南昌市进贤县七里乡谷升村,84412,A,2018,1
116.31346,28.380726,249,江西省,南昌市,进贤县,江西省南昌市进贤县民和镇北岭村,C3601242009067120020381,C3601242009067120020381003,C3601242009067120020381003,116.31346,28.380726,5815.1,由政府承担治理恢复责任的政策性关闭矿山,完全修复,自然恢复,Dec-24,5815.1,0,进贤县自然资源局,杨信平,2025-1-6,,江西省南昌市进贤县民和镇北岭村,84412,A,2018,1
116.313515,28.379345,250,江西省,南昌市,进贤县,江西省南昌市进贤县民和镇北岭村,C3601242009067120020381,C3601242009067120020381004,C3601242009067120020381004,116.313515,28.379345,24357.85,由政府承担治理恢复责任的政策性关闭矿山,完全修复,自然恢复,Dec-24,24357.85,0,进贤县自然资源局,杨信平,2025-1-6,,江西省南昌市进贤县民和镇北岭村,84412,A,2018,1
116.31432,28.379593,251,江西省,南昌市,进贤县,江西省南昌市进贤县民和镇北岭村,C3601242009067120020381,C3601242009067120020381005,C3601242009067120020381005,116.31432,28.379593,3676.37,由政府承担治理恢复责任的政策性关闭矿山,完全修复,自然恢复,Dec-24,3676.37,0,进贤县自然资源局,杨信平,2025-1-6,,江西省南昌市进贤县民和镇北岭村,84412,A,2018,1
116.176865,28.336378,252,江西省,南昌市,进贤县,江西省南昌市进贤县张公镇新城村,C3601242009067120020387,C3601242009067120020387001,C3601242009067120020387001,116.176865,28.336378,2883.39,由政府承担治理恢复责任的政策性关闭矿山,完全修复,自然恢复,Dec-24,2883.39,0,进贤县自然资源局,杨信平,2025-1-6,,江西省南昌市进贤县张公镇新城村,84412,A,2018,1
116.17804,28.33717,253,江西省,南昌市,进贤县,江西省南昌市进贤县张公镇新城村,C3601242009067120020387,C3601242009067120020387004,C3601242009067120020387004,116.17804,28.33717,14777.81,由政府承担治理恢复责任的政策性关闭矿山,完全修复,自然恢复,Dec-24,14777.81,0,进贤县自然资源局,杨信平,2025-1-6,,江西省南昌市进贤县张公镇新城村,84412,A,2018,1
116.04451,28.411966,254,江西省,南昌市,进贤县,江西省南昌市进贤县架桥镇彭宗村,C3601242009067120020391,C3601242009067120020391002,C3601242009067120020391002,116.04451,28.411966,17803.99,由政府承担治理恢复责任的政策性关闭矿山,完全修复,自然恢复,Dec-24,17803.99,0,进贤县自然资源局,杨信平,2025-1-6,,江西省南昌市进贤县架桥镇彭宗村,84412,A,2018,1
116.083786,28.405807,256,江西省,南昌市,进贤县,江西省南昌市进贤县泉岭乡前溪村,C3601242009067120020396,C3601242009067120020396001,C3601242009067120020396001,116.083786,28.405807,4569.98,由政府承担治理恢复责任的政策性关闭矿山,完全修复,自然恢复,Dec-24,4569.98,0,进贤县自然资源局,杨信平,2025-1-6,,江西省南昌市进贤县泉岭乡前溪村,84412,A,2017,1
116.08383,28.40467,257,江西省,南昌市,进贤县,江西省南昌市进贤县泉岭乡前溪村,C3601242009067120020396,C3601242009067120020396002,C3601242009067120020396002,116.08383,28.40467,15733.49,由政府承担治理恢复责任的政策性关闭矿山,完全修复,自然恢复,Dec-24,15733.49,0,进贤县自然资源局,杨信平,2025-1-6,,江西省南昌市进贤县泉岭乡前溪村,84412,A,2017,1
116.03858,28.448805,258,江西省,南昌市,进贤县,江西省南昌市进贤县架桥镇南岗村,C3601242009067120020399,C3601242009067120020399002,C3601242009067120020399002,116.03858,28.448805,10841.78,由政府承担治理恢复责任的政策性关闭矿山,完全修复,自然恢复,Dec-24,10841.78,0,进贤县自然资源局,杨信平,2025-1-6,,江西省南昌市进贤县架桥镇南岗村,84412,A,2017,1
116.038666,28.449413,259,江西省,南昌市,进贤县,江西省南昌市进贤县架桥镇南岗村,C3601242009067120020399,C3601242009067120020399003,C3601242009067120020399003,116.038666,28.449413,15144.77,由政府承担治理恢复责任的政策性关闭矿山,完全修复,自然恢复,Dec-24,15144.77,0,进贤县自然资源局,杨信平,2025-1-6,,江西省南昌市进贤县架桥镇南岗村,84412,A,2017,1
117.561005,29.25204,262,江西省,上饶市,婺源县,江西省上饶市婺源县游汀村委会,C3611302009067120026041,C3611302009067120026041003,C3611302009067120026041003,117.561005,29.25204,11120.68,无法确认治理恢复责任主体的无主废弃矿山,完全修复,自然恢复,Dec-24,11120.68,0,婺源县自然资源局,汪镭,2025-1-17,,江西省上饶市婺源县游汀村委会,84412,A,2014年,1
114.960045,29.474628,285,江西省,九江市,武宁县,江西省九江市武宁县大洞乡岭下村,C3604002009057120018053,C3604002009057120018053001,C3604002009057120018053001,114.960045,29.474628,5863.65,无法确认治理恢复责任主体的无主废弃矿山,完全修复,自然恢复,Dec-24,5863.65,0,武宁县自然资源局,胡慧文,2024-12-10,该图斑现场无法进入,江西省九江市武宁县大洞乡岭下村,84920,A,2012,1
114.95562,29.474848,286,江西省,九江市,武宁县,江西省九江市武宁县大洞乡岭下村,C3604002009117120041970,C3604002009117120041970001,C3604002009117120041970001,114.95562,29.474848,24844.14,无法确认治理恢复责任主体的无主废弃矿山,完全修复,自然恢复,Dec-24,24844.14,0,武宁县自然资源局,胡慧文,2024-12-10,,江西省九江市武宁县大洞乡岭下村,84921,A,2014,7
116.003075,29.456942,288,江西省,九江市,星子县,江西省九江市星子县白鹿镇秀峰村,C3604002010127120087288,C3604002010127120087288005,C3604002010127120087288005,116.003075,29.456942,149369.69,无法确认治理恢复责任主体的无主废弃矿山,完全修复,自然恢复,Dec-24,149369.69,0,庐山市自然资源局,胡慧文,2025-1-2,,江西省九江市星子县白鹿镇秀峰村,84921,A,2018,1
115.97171,29.4418,289,江西省,九江市,星子县,江西省九江市星子县庐山市东牯山林场5分场,C3604002010127120101759,C3604002010127120101759003,C3604002010127120101759003,115.97171,29.4418,7938.96,无法确认治理恢复责任主体的无主废弃矿山,完全修复,自然恢复,Dec-24,7938.96,0,庐山市自然资源局,胡慧文,2025-1-2,该图斑现场无法进入,江西省九江市星子县庐山市东牯山林场5分场,84920,A,2010,7
115.97348,29.439762,290,江西省,九江市,星子县,江西省九江市星子县庐山市东牯山林场5分场,C3604002010127120101759,C3604002010127120101759006,C3604002010127120101759006,115.97348,29.439762,3866.75,无法确认治理恢复责任主体的无主废弃矿山,完全修复,自然恢复,Dec-24,3866.75,0,庐山市自然资源局,胡慧文,2025-1-2,该图斑现场无法进入,江西省九江市星子县庐山市东牯山林场5分场,84712,A,2016,7
115.914474,29.349546,291,江西省,九江市,星子县,江西省九江市星子县华林镇吉山村,C3604002010127130101756,C3604002010127130101756001,C3604002010127130101756001,115.914474,29.349546,5360.21,无法确认治理恢复责任主体的无主废弃矿山,完全修复,自然恢复,Dec-24,5360.21,0,庐山市自然资源局,胡慧文,2025-1-2,该图斑现场无法进入,江西省九江市星子县华林镇吉山村,83907,A,2010年,1
116.051575,29.666626,292,江西省,九江市,庐山区,江西省九江市濂溪区虞家河乡大桥村,C3604022009117120042518,C3604022009117120042518002,C3604022009117120042518002,116.051575,29.666626,41899.01,无法确认治理恢复责任主体的无主废弃矿山,完全修复,自然恢复,Dec-23,41899.01,0,九江市自然资源局濂溪区分局,胡慧文,2023-12-29,,江西省九江市濂溪区虞家河乡大桥村,84412,A,2018,1
115.81855,29.581907,295,江西省,九江市,九江县,江西省九江市九江县狮子镇煤山村/狮子镇三桥村,C3604212009067120023172,C3604212009067120023172005,C3604212009067120023172005,115.81855,29.581907,6607.91,无法确认治理恢复责任主体的无主废弃矿山,完全修复,自然恢复,Dec-24,6607.91,0,九江市自然资源局柴桑区分局,吕愿,2025-1-2,,江西省九江市九江县狮子镇煤山村/狮子镇三桥村,83907,A,2010,7
115.82247,29.582132,296,江西省,九江市,九江县,江西省九江市九江县狮子镇煤山村,C3604212009067120023172,C3604212009067120023172006,C3604212009067120023172006,115.82247,29.582132,20020.82,无法确认治理恢复责任主体的无主废弃矿山,完全修复,自然恢复,Dec-24,20020.82,0,九江市自然资源局柴桑区分局,吕愿,2025-1-2,,江西省九江市九江县狮子镇煤山村,83907,A,2010,7
114.62557,29.246538,299,江西省,九江市,武宁县,江西省九江市武宁县船滩镇吴湾村,C3604232010117130083835,C3604232010117130083835002,C3604232010117130083835002,114.62557,29.246538,16377.45,无法确认治理恢复责任主体的无主废弃矿山,完全修复,自然恢复,Dec-24,16377.45,0,武宁县自然资源局,胡慧文,2024-12-10,,江西省九江市武宁县船滩镇吴湾村,84132,A,2014,4
115.69742,29.246923,301,江西省,九江市,永修县,江西省九江市永修县燕坊镇四联村,C3604252009067120024728,C3604252009067120024728001,C3604252009067120024728001,115.69742,29.246923,19628.08,无法确认治理恢复责任主体的无主废弃矿山,完全修复,自然恢复,Dec-24,19628.08,0,永修县自然资源局,冷幸福,2024-1-3,,江西省九江市永修县燕坊镇四联村,84412,A,2016年,7
115.70687,29.20564,304,江西省,九江市,永修县,江西省九江市永修县燕坊镇越山村,C3604252009127120047503,C3604252009127120047503006,C3604252009127120047503006,115.70687,29.20564,3019.86,无法确认治理恢复责任主体的无主废弃矿山,完全修复,自然恢复,Dec-24,3019.86,0,永修县自然资源局,冷幸福,2025-2-13,,江西省九江市永修县燕坊镇越山村,84412,A,2017年,7
115.71537,29.422188,308,江西省,九江市,德安县,江西省九江市德安县丰林镇黄桶村委会,C3604262009037120008541,C3604262009037120008541002,C3604262009037120008541002,115.71537,29.422188,17317.02,由政府承担治理恢复责任的政策性关闭矿山,完全修复,自然恢复,Dec-24,17317.02,0,德安县自然资源局,吴杏松,2024-12-19,江西省自然资源厅办公室关于2024年度历史遗留矿山修复成果复核意见的函-第44条,江西省九江市德安县丰林镇黄桶村委会,83907,A,2018,2
115.64945,29.39378,312,江西省,九江市,德安县,江西省九江市德安县聂桥镇聂桥村委会,C3604262009107120039943,C3604262009107120039943002,C3604262009107120039943002,115.64945,29.39378,12686.41,由政府承担治理恢复责任的政策性关闭矿山,完全修复,自然恢复,Dec-24,12686.41,0,德安县自然资源局,许龙后,2024-12-19,江西省自然资源厅办公室关于2024年度历史遗留矿山修复成果复核意见的函-第47条,江西省九江市德安县聂桥镇聂桥村委会,84412,A,2017,1
116.028885,29.330774,313,江西省,九江市,星子县,江西省九江市星子县沙山水土保持站1站,C3604272010117120097803,C3604272010117120097803001,C3604272010117120097803001,116.028885,29.330774,25097.65,无法确认治理恢复责任主体的无主废弃矿山,完全修复,自然恢复,Dec-24,25097.65,0,庐山市自然资源局,胡慧文,2025-1-2,,江西省九江市星子县沙山水土保持站1站,83993,A,2015,1
115.38468,29.447763,320,江西省,九江市,瑞昌市,江西省九江市瑞昌市南义镇朝阳村,C3604812009107120045713,C3604812009107120045713003,C3604812009107120045713003,115.38468,29.447763,7972.14,无法确认治理恢复责任主体的无主废弃矿山,完全修复,自然恢复,Dec-24,7972.14,0,瑞昌市自然资源局,吕愿,2025-1-2,,江西省九江市瑞昌市南义镇朝阳村,84412,A,2012,1
115.602486,29.648853,321,江西省,九江市,瑞昌市,江西省九江市瑞昌市高丰镇高丰村,C3604812009107120049006,C3604812009107120049006001,C3604812009107120049006001,115.602486,29.648853,15288.39,无法确认治理恢复责任主体的无主废弃矿山,完全修复,自然恢复,Dec-24,15288.39,0,瑞昌市自然资源局,吕愿,2025-1-2,,江西省九江市瑞昌市高丰镇高丰村,84412,A,2012,7
115.32075,29.434895,323,江西省,九江市,瑞昌市,江西省九江市瑞昌市南义镇王家铺村,C3604812010047120059946,C3604812010047120059946002,C3604812010047120059946002,115.32075,29.434895,17468.18,无法确认治理恢复责任主体的无主废弃矿山,完全修复,自然恢复,Dec-24,17468.18,0,瑞昌市自然资源局,吕愿,2025-1-2,,江西省九江市瑞昌市南义镇王家铺村,84412,A,2005,1
114.69025,27.879313,324,江西省,新余市,分宜县,江西省新余市分宜县凤阳镇白路塘村,C3605002010117130083851,C3605002010117130083851001,C3605002010117130083851001,114.69025,27.879313,6397.46,无法确认治理恢复责任主体的无主废弃矿山,完全修复,自然恢复,Dec-23,6397.46,0,分宜县自然资源局,王海栋,2024-1-11,,江西省新余市分宜县凤阳镇白路塘村,84170,A,2015年,2
115.083305,28.004622,329,江西省,新余市,渝水区,江西省新余市渝水区水北镇上村村,C3605022009047120015152,C3605022009047120015152003,C36050220090471200151520031,115.083305,28.004622,8827.24,无法确认治理恢复责任主体的无主废弃矿山,部分修复,自然恢复,Oct-24,5744.61,3082.63,新余市自然资源局渝水分局,彭勇,2024-12-21,,江西省新余市渝水区水北镇上村村,84412,A,2013,7
114.92457,27.926268,334,江西省,新余市,渝水区,江西省新余市渝水区下村镇罗家边村,C3605022009077120029824,C3605022009077120029824001,C36050220090771200298240011,114.92457,27.926268,41774.54,无法确认治理恢复责任主体的无主废弃矿山,部分修复,自然恢复,Oct-24,23946.36,17828.18,新余市自然资源局渝水分局,彭勇,2024-12-21,,江西省新余市渝水区下村镇罗家边村,84412,A,2013,7
114.96445,27.905905,335,江西省,新余市,渝水区,江西省新余市渝水区下村镇何家村,C3605022009077120030055,C3605022009077120030055004,C36050220090771200300550041,114.96445,27.905905,3087.74,无法确认治理恢复责任主体的无主废弃矿山,部分修复,自然恢复,Dec-24,1709.6,1378.14,新余市自然资源局渝水分局,彭勇,2025-1-13,,江西省新余市渝水区下村镇何家村,84412,A,2015,1
115.13395,27.877087,337,江西省,新余市,渝水区,江西省新余市渝水区罗坊镇竹山村,C3605022009087120030664,C3605022009087120030664001,C36050220090871200306640011,115.13395,27.877087,39295.08,无法确认治理恢复责任主体的无主废弃矿山,部分修复,自然恢复,Oct-24,9816.31,29478.77,新余市自然资源局渝水分局,彭勇,2024-12-21,,江西省新余市渝水区罗坊镇竹山村,84412,A,2013,7
115.13527,27.878794,338,江西省,新余市,渝水区,江西省新余市渝水区罗坊镇竹山村,C3605022009087120030664,C3605022009087120030664002,C36050220090871200306640021,115.13527,27.878794,55497.85,无法确认治理恢复责任主体的无主废弃矿山,部分修复,自然恢复,Oct-24,21301.45,34196.4,新余市自然资源局渝水分局,彭勇,2024-12-21,,江西省新余市渝水区罗坊镇竹山村,84412,A,2013,7
115.36894,26.379738,351,江西省,赣州市,兴国县,江西省赣州市兴国县长冈乡上社村,ZJ3607322021073,ZJ3607322021073001,ZJ3607322021073001,115.36894,26.379738,22522.75,无法确认治理恢复责任主体的无主废弃矿山,完全修复,自然恢复,Dec-23,22522.75,0,兴国县自然资源局,吕石昆,2024-1-17,,江西省赣州市兴国县长冈乡上社村,84132,A,2015,1
115.51209,24.72747,391,江西省,赣州市,寻乌县,江西省赣州市寻乌县菖蒲乡菖蒲村/菖蒲乡虎石村,ZJ3607342021124,ZJ3607342021124001,ZJ3607342021124001,115.51209,24.72747,4803.63,无法确认治理恢复责任主体的无主废弃矿山,完全修复,自然恢复,Dec-23,4803.63,0,寻乌县自然资源局,赵志鹏,2024-1-18,一个图斑含三个地块,江西省赣州市寻乌县菖蒲乡菖蒲村/菖蒲乡虎石村,84170,A,2011年之前,1
115.549805,24.761614,392,江西省,赣州市,寻乌县,江西省赣州市寻乌县菖蒲乡黄砂村,ZJ3607342021144,ZJ3607342021144001,ZJ3607342021144001,115.549805,24.761614,7430.83,无法确认治理恢复责任主体的无主废弃矿山,完全修复,自然恢复,Dec-23,7430.83,0,寻乌县自然资源局,赵志鹏,2024-1-18,,江西省赣州市寻乌县菖蒲乡黄砂村,84711,A,2013年之前,1
115.51488,24.730162,401,江西省,赣州市,寻乌县,江西省赣州市寻乌县菖蒲乡虎石村,ZJ3607342021185,ZJ3607342021185001,ZJ3607342021185001,115.51488,24.730162,565.11,无法确认治理恢复责任主体的无主废弃矿山,完全修复,自然恢复,Dec-23,565.11,0,寻乌县自然资源局,赵志鹏,2024-1-18,,江西省赣州市寻乌县菖蒲乡虎石村,64410,A,2011年之前,1
115.714836,24.852589,408,江西省,赣州市,寻乌县,江西省赣州市寻乌县南桥镇古坑村,ZJ3607342021216,ZJ3607342021216001,ZJ3607342021216001,115.714836,24.852589,20008.32,无法确认治理恢复责任主体的无主废弃矿山,完全修复,自然恢复,Dec-23,20008.32,0,寻乌县自然资源局,赵志鹏,2024-1-18,,江西省赣州市寻乌县南桥镇古坑村,84711,A,2013年之前,1
114.0752,25.364725,487,江西省,赣州市,大余县,江西省赣州市大余县河洞乡长炉村民委员会,CT3607232016000030,CT3607232016000030001,CT3607232016000030001,114.0752,25.364725,10994.83,无法确认治理恢复责任主体的无主废弃矿山,完全修复,自然恢复,Dec-23,10994.83,0,大余县自然资源局,罗少华,2024-1-5,,江西省赣州市大余县河洞乡长炉村民委员会,83978,A,2010年之前,1
116.388374,28.28856,490,江西省,南昌市,进贤县,江西省南昌市进贤县下埠集乡柯溪村/下埠集乡前东村,CT3601242016000033,CT3601242016000033001,CT3601242016000033001,116.388374,28.28856,10786.16,无法确认治理恢复责任主体的无主废弃矿山,完全修复,自然恢复,Dec-24,10786.16,0,进贤县自然资源局,杨信平,2025-1-7,,江西省南昌市进贤县下埠集乡柯溪村/下埠集乡前东村,84412,A,2014年之前,1
116.38885,28.288921,491,江西省,南昌市,进贤县,江西省南昌市进贤县下埠集乡柯溪村,CT3601242016000033,CT3601242016000033002,CT3601242016000033002,116.38885,28.288921,3385.76,无法确认治理恢复责任主体的无主废弃矿山,完全修复,自然恢复,Dec-24,3385.76,0,进贤县自然资源局,杨信平,2025-1-7,,江西省南昌市进贤县下埠集乡柯溪村,84412,A,2014年之前,1
115.83986,29.36898,499,江西省,九江市,九江县,江西省九江市九江县马回岭镇蛟田村,CT3604212016000001,CT3604212016000001002,CT3604212016000001002,115.83986,29.36898,7679.54,无法确认治理恢复责任主体的无主废弃矿山,完全修复,自然恢复,Dec-24,7679.54,0,九江市自然资源局柴桑区分局,吕愿,2025-1-2,,江西省九江市九江县马回岭镇蛟田村,84412,A,2014,7
115.88064,29.630192,502,江西省,九江市,九江县,江西省九江市九江县沙河街镇东方红居委会,CT3604212016000009,CT3604212016000009002,CT3604212016000009002,115.88064,29.630192,7291.83,无法确认治理恢复责任主体的无主废弃矿山,完全修复,自然恢复,Dec-24,7291.83,0,九江市自然资源局八里湖新区分局,吕愿,2025-1-2,,江西省九江市九江县沙河街镇东方红居委会,84412,A,2007,1
115.7361,29.744476,504,江西省,九江市,九江县,港口街镇丁家山村和花园村,CT3604212016000012,CT3604212016000012001,CT3604212016000012001,115.7361,29.744476,20926.86,无法确认治理恢复责任主体的无主废弃矿山,完全修复,自然恢复,Dec-24,20926.86,0,九江市自然资源局柴桑区分局,吕愿,2024-10-16,,港口街镇丁家山村和花园村,84412,A,2016,1
115.205795,29.469088,505,江西省,九江市,武宁县,江西省九江市武宁县鲁溪镇北屏村,CT3604232016000009,CT3604232016000009001,CT3604232016000009001,115.205795,29.469088,12405.8,无法确认治理恢复责任主体的无主废弃矿山,完全修复,自然恢复,Dec-24,12405.8,0,武宁县自然资源局,胡慧文,2024-12-10,,江西省九江市武宁县鲁溪镇北屏村,83907,A,2006,7
114.813675,29.166452,506,江西省,九江市,武宁县,江西省九江市武宁县清江乡大田村,CT3604232016000015,CT3604232016000015002,CT3604232016000015002,114.813675,29.166452,7039.49,无法确认治理恢复责任主体的无主废弃矿山,完全修复,自然恢复,Dec-24,7039.49,0,武宁县自然资源局,胡慧文,2024-12-10,,江西省九江市武宁县清江乡大田村,83907,A,2006,7
114.70791,28.970196,518,江西省,九江市,修水县,江西省九江市修水县黄沙镇李村村,CT3604242016000023,CT3604242016000023001,CT3604242016000023001,114.70791,28.970196,9484.43,无法确认治理恢复责任主体的无主废弃矿山,完全修复,自然恢复,Dec-24,9484.43,0,修水县自然资源局,胡博群,2025-1-2,,江西省九江市修水县黄沙镇李村村,83900,A,2016,7
114.75926,28.936035,520,江西省,九江市,修水县,江西省九江市修水县黄沙镇石嘴村,CT3604242016000032,CT3604242016000032001,CT3604242016000032001,114.75926,28.936035,20120.17,无法确认治理恢复责任主体的无主废弃矿山,完全修复,自然恢复,Dec-24,20120.17,0,修水县自然资源局,胡博群,2025-1-2,该图斑无法到达，上传实地照片为无人机拍摄的高清照片,江西省九江市修水县黄沙镇石嘴村,83907,A,2015,7
114.69249,28.965523,525,江西省,九江市,修水县,江西省九江市修水县黄沙镇李村村,CT3604242016000034,CT3604242016000034001,CT3604242016000034001,114.69249,28.965523,5634.41,无法确认治理恢复责任主体的无主废弃矿山,完全修复,自然恢复,Dec-24,5634.41,0,修水县自然资源局,胡博群,2025-1-2,,江西省九江市修水县黄沙镇李村村,83900,A,2015,7
114.45448,29.0352,533,江西省,九江市,修水县,江西省九江市修水县杭口镇坪下村,CT3604242016000065,CT3604242016000065001,CT3604242016000065001,114.45448,29.0352,10822.47,无法确认治理恢复责任主体的无主废弃矿山,完全修复,自然恢复,Dec-24,10822.47,0,修水县自然资源局,胡博群,2025-1-2,,江西省九江市修水县杭口镇坪下村,83909,A,2017,7
114.38347,29.03441,534,江西省,九江市,修水县,江西省九江市修水县马坳镇白土村,CT3604242016000066,CT3604242016000066001,CT3604242016000066001,114.38347,29.03441,1145.99,无法确认治理恢复责任主体的无主废弃矿山,完全修复,自然恢复,Dec-24,1145.99,0,修水县自然资源局,胡博群,2025-1-2,,江西省九江市修水县马坳镇白土村,83907,A,2016,7
114.124405,28.908106,535,江西省,九江市,修水县,江西省九江市修水县上衫乡王桥村,CT3604242016000067,CT3604242016000067001,CT3604242016000067001,114.124405,28.908106,2564.04,无法确认治理恢复责任主体的无主废弃矿山,完全修复,自然恢复,Dec-24,2564.04,0,修水县自然资源局,胡博群,2025-1-2,该图斑无法到达，上传实地照片为无人机拍摄的高清照片,江西省九江市修水县上衫乡王桥村,42201,A,2015,7
115.799644,29.319237,538,江西省,九江市,德安县,江西省九江市德安县河东乡河东村委会,CT3604262016000002,CT3604262016000002002,CT3604262016000002002,115.799644,29.319237,17363.78,无法确认治理恢复责任主体的无主废弃矿山,完全修复,自然恢复,Dec-24,17363.78,0,德安县自然资源局,吴杏松,2024-12-19,江西省自然资源厅办公室关于2024年度历史遗留矿山修复成果复核意见的函-第46条,江西省九江市德安县河东乡河东村委会,84132,B,2019,4
115.591515,29.429535,539,江西省,九江市,德安县,江西省九江市德安县吴山镇山湾村委会,CT3604262016000004,CT3604262016000004001,CT3604262016000004001,115.591515,29.429535,10298.94,无法确认治理恢复责任主体的无主废弃矿山,完全修复,自然恢复,Dec-24,10298.94,0,德安县自然资源局,吴杏松,2023-4-25,江西省自然资源厅办公室关于2024年度历史遗留矿山修复成果复核意见的函-第45条,江西省九江市德安县吴山镇山湾村委会,84132,A,2009,1
115.96004,29.384129,540,江西省,九江市,星子县,江西省九江市星子县星子镇翻身村/星子镇仕林村,CT3604272016000031,CT3604272016000031002,CT3604272016000031002,115.96004,29.384129,5969.32,无法确认治理恢复责任主体的无主废弃矿山,完全修复,自然恢复,Dec-24,5969.32,0,庐山市自然资源局,胡慧文,2025-1-2,,江西省九江市星子县星子镇翻身村/星子镇仕林村,83993,A,2017,7
115.96501,29.380821,541,江西省,九江市,星子县,江西省九江市星子县星子镇翻身村/星子镇仕林村,CT3604272016000031,CT3604272016000031009,CT3604272016000031009,115.96501,29.380821,13888.38,无法确认治理恢复责任主体的无主废弃矿山,完全修复,自然恢复,Dec-24,13888.38,0,庐山市自然资源局,胡慧文,2025-1-2,,江西省九江市星子县星子镇翻身村/星子镇仕林村,84170,A,2017,7
115.96633,29.378222,542,江西省,九江市,星子县,江西省九江市星子县星子镇翻身村/星子镇仕林村,CT3604272016000031,CT3604272016000031011,CT3604272016000031011,115.96633,29.378222,8269.78,无法确认治理恢复责任主体的无主废弃矿山,完全修复,自然恢复,Dec-24,8269.78,0,庐山市自然资源局,胡慧文,2025-1-2,,江西省九江市星子县星子镇翻身村/星子镇仕林村,84170,A,2018,7
116.04382,29.504528,543,江西省,九江市,星子县,江西省九江市星子县白鹿镇五里村,CT3604272016110037,CT3604272016110037001,CT3604272016110037001,116.04382,29.504528,9989.49,无法确认治理恢复责任主体的无主废弃矿山,完全修复,自然恢复,Dec-24,9989.49,0,庐山市自然资源局,胡慧文,2025-1-2,,江西省九江市星子县白鹿镇五里村,84170,A,2020,1
115.14094,27.878876,546,江西省,新余市,渝水区,江西省新余市渝水区罗坊镇竹山村,CT3605022016000039,CT3605022016000039002,CT36050220160000390021,115.14094,27.878876,51408.96,无法确认治理恢复责任主体的无主废弃矿山,部分修复,自然恢复,Oct-24,11703.02,39705.94,新余市自然资源局渝水分局,彭勇,2024-12-21,,江西省新余市渝水区罗坊镇竹山村,84412,A,2013,7
115.070335,27.862005,547,江西省,新余市,渝水区,江西省新余市渝水区水西镇槐江村,CT3605022016000041,CT3605022016000041001,CT3605022016000041001,115.070335,27.862005,2726.92,无法确认治理恢复责任主体的无主废弃矿山,完全修复,自然恢复,Oct-24,2726.92,0,新余市自然资源局渝水分局,彭勇,2024-12-21,,江西省新余市渝水区水西镇槐江村,84412,A,2013,7
114.953926,27.66785,549,江西省,新余市,渝水区,江西省新余市渝水区良山镇白沙村,CT3605022016000070,CT3605022016000070001,CT3605022016000070001,114.953926,27.66785,7494.59,无法确认治理恢复责任主体的无主废弃矿山,完全修复,自然恢复,Oct-24,7494.59,0,新余市自然资源局渝水分局,彭勇,2024-12-21,,江西省新余市渝水区良山镇白沙村,84412,A,2018,7
115.08298,27.968443,552,江西省,新余市,渝水区,江西省新余市渝水区水北镇琴山村,CT3605022017000007,CT3605022017000007001,CT3605022017000007001,115.08298,27.968443,8161.67,无法确认治理恢复责任主体的无主废弃矿山,完全修复,自然恢复,Dec-23,8161.67,0,新余市自然资源局渝水分局,彭勇,2024-1-15,,江西省新余市渝水区水北镇琴山村,84412,A,2016,7
115.31153,27.851969,554,江西省,新余市,渝水区,江西省新余市渝水区新溪乡后溪村/新溪乡西江村,CT3605022017000012,CT3605022017000012001,CT36050220170000120011,115.31153,27.851969,57110.86,无法确认治理恢复责任主体的无主废弃矿山,部分修复,自然恢复,Dec-21,44932.35,12178.51,新余市自然资源局渝水分局,彭勇,2024-12-21,,江西省新余市渝水区新溪乡后溪村/新溪乡西江村,84412,A,2013,7
115.07616,27.879374,556,江西省,新余市,渝水区,江西省新余市渝水区罗坊镇草池村,CT3605022017000024,CT3605022017000024001,CT3605022017000024001,115.07616,27.879374,13654.84,无法确认治理恢复责任主体的无主废弃矿山,完全修复,自然恢复,Oct-24,13654.84,0,新余市自然资源局渝水分局,彭勇,2024-12-21,,江西省新余市渝水区罗坊镇草池村,84412,A,2013,7
115.22176,27.845015,557,江西省,新余市,渝水区,江西省新余市渝水区姚圩镇姚圩村,CT3605022017000026,CT3605022017000026001,CT3605022017000026001,115.22176,27.845015,17038.72,无法确认治理恢复责任主体的无主废弃矿山,完全修复,自然恢复,Oct-24,17038.72,0,新余市自然资源局渝水分局,彭勇,2024-12-21,,江西省新余市渝水区姚圩镇姚圩村,84412,A,2013,7
114.79523,27.632465,562,江西省,新余市,分宜县,江西省新余市分宜县东坑林场东坑村,CT3605212016000098,CT3605212016000098001,CT3605212016000098001,114.79523,27.632465,9094.03,无法确认治理恢复责任主体的无主废弃矿山,完全修复,自然恢复,Oct-24,9094.03,0,分宜县自然资源局,王海栋,2025-1-2,,江西省新余市分宜县东坑林场东坑村,83900,A,2016年,2
114.63142,27.968094,563,江西省,新余市,分宜县,江西省新余市分宜县杨桥镇潭湘村,CT3605212016000101,CT3605212016000101001,CT3605212016000101001,114.63142,27.968094,2140.84,无法确认治理恢复责任主体的无主废弃矿山,完全修复,自然恢复,Oct-24,2140.84,0,分宜县自然资源局,王海栋,2025-1-2,,江西省新余市分宜县杨桥镇潭湘村,84412,A,2013年,2
114.63212,27.871527,564,江西省,新余市,分宜县,江西省新余市分宜县凤阳镇上村村,CT3605212016000102,CT3605212016000102001,CT3605212016000102001,114.63212,27.871527,6737.54,无法确认治理恢复责任主体的无主废弃矿山,完全修复,自然恢复,Oct-24,6737.54,0,分宜县自然资源局,王海栋,2025-1-2,,江西省新余市分宜县凤阳镇上村村,11001,C,1989年,2
114.62164,27.852257,565,江西省,新余市,分宜县,江西省新余市分宜县凤阳镇大路边村,CT3605212016000106,CT3605212016000106001,CT3605212016000106001,114.62164,27.852257,5817.25,无法确认治理恢复责任主体的无主废弃矿山,完全修复,自然恢复,Oct-24,5817.25,0,分宜县自然资源局,王海栋,2025-1-2,,江西省新余市分宜县凤阳镇大路边村,84412,A,2009年,2
114.73388,27.807512,566,江西省,新余市,分宜县,江西省新余市分宜县分宜镇万溪村,CT3605212016999110,CT3605212016999110003,CT3605212016999110003,114.73388,27.807512,16589.05,无法确认治理恢复责任主体的无主废弃矿山,完全修复,自然恢复,Dec-23,16589.05,0,分宜县自然资源局,王海栋,2024-1-11,,江西省新余市分宜县分宜镇万溪村,11001,C,2016年,2
114.897896,27.442427,603,江西省,吉安市,吉安县,江西省吉安市吉安县万福镇白竹村,ZJ3608212021041,ZJ3608212021041001,ZJ3608212021041001,114.897896,27.442427,16783.16,无法确认治理恢复责任主体的无主废弃矿山,完全修复,自然恢复,Dec-24,16783.16,0,吉安县自然资源局,李振坤,2025-1-6,,江西省吉安市吉安县万福镇白竹村,83970,A,2015年前,1
114.532715,27.044916,604,江西省,吉安市,吉安县,江西省吉安市吉安县天河镇东坑村,ZJ3608212021062,ZJ3608212021062001,ZJ3608212021062001,114.532715,27.044916,16362.85,无法确认治理恢复责任主体的无主废弃矿山,完全修复,自然恢复,Dec-24,16362.85,0,吉安县自然资源局,李振坤,2025-1-6,,江西省吉安市吉安县天河镇东坑村,11001,B,2017年,7
115.68838,27.7054,605,江西省,吉安市,新干县,江西省吉安市新干县城上乡丰乐村,ZJ3608242021004,ZJ3608242021004001,ZJ3608242021004001,115.68838,27.7054,8917.48,无法确认治理恢复责任主体的无主废弃矿山,完全修复,自然恢复,Dec-24,8917.48,0,新干县自然资源局,曾伦,2024-12-19,,江西省吉安市新干县城上乡丰乐村,84710,A,2014,1
114.56995,27.420046,622,江西省,吉安市,安福县,江西省吉安市安福县横龙镇石溪村,ZJ3608292021033,ZJ3608292021033002,ZJ3608292021033002,114.56995,27.420046,18054.21,无法确认治理恢复责任主体的无主废弃矿山,完全修复,自然恢复,Dec-24,18054.21,0,安福县自然资源局,肖数清,2025-2-11,,江西省吉安市安福县横龙镇石溪村,99999,A,2015年前,7
114.25397,27.962414,625,江西省,宜春市,袁州区,江西省宜春市袁州区洪塘镇北坛村委会,ZJ3609022021328,ZJ3609022021328001,ZJ3609022021328001,114.25397,27.962414,4224.29,无法确认治理恢复责任主体的无主废弃矿山,完全修复,自然恢复,Dec-23,4224.29,0,宜春市自然资源局袁州分局,陈焯、杨庚、江冬亲,2024-1-4,,江西省宜春市袁州区洪塘镇北坛村委会,83620,A,2018年之前,1
114.41709,27.985556,626,江西省,宜春市,袁州区,江西省宜春市袁州区柏木乡苍前村委会,ZJ3609022021330,ZJ3609022021330001,ZJ3609022021330001,114.41709,27.985556,15049.06,无法确认治理恢复责任主体的无主废弃矿山,完全修复,自然恢复,Dec-23,15049.06,0,宜春市自然资源局袁州分局,陈焯、杨庚、江冬亲,2024-1-6,,江西省宜春市袁州区柏木乡苍前村委会,83907,A,2015,1
114.42063,27.992243,627,江西省,宜春市,袁州区,江西省宜春市袁州区柏木乡苍前村委会,ZJ3609022021331,ZJ3609022021331001,ZJ3609022021331001,114.42063,27.992243,14149.68,无法确认治理恢复责任主体的无主废弃矿山,完全修复,自然恢复,Dec-23,14149.68,0,宜春市自然资源局袁州分局,陈焯、杨庚、江冬亲,2024-1-6,,江西省宜春市袁州区柏木乡苍前村委会,83907,A,2018年之前,1
116.76807,28.58522,653,江西省,上饶市,余干县,江西省上饶市余干县杨埠镇枫林村,ZJ3611272021080,ZJ3611272021080001,ZJ3611272021080001,116.76807,28.58522,2714.08,无法确认治理恢复责任主体的无主废弃矿山,完全修复,自然恢复,Dec-24,2714.08,0,余干县自然资源局,张武童,2024-10-15,,江西省上饶市余干县杨埠镇枫林村,83907,A,2018年之前,1
114.698296,28.002563,657,江西省,新余市,分宜县,江西省新余市分宜县高岚乡盆溪村,C3605212009067120022378,C3605212009067120022378003,C3605212009067120022378003,114.698296,28.002563,25249.59,无法确认治理恢复责任主体的无主废弃矿山,完全修复,自然恢复,Dec-24,25249.59,0,分宜县自然资源局,王海栋,2025-1-2,,江西省新余市分宜县高岚乡盆溪村,11001,B,2009年,2
114.6296,27.81817,658,江西省,新余市,分宜县,江西省新余市分宜县分宜镇水北村,C3605212010057120066077,C3605212010057120066077001,C3605212010057120066077001,114.6296,27.81817,28799.5,无法确认治理恢复责任主体的无主废弃矿山,完全修复,自然恢复,Dec-24,28799.5,0,分宜县自然资源局,王海栋,2025-1-2,,江西省新余市分宜县分宜镇水北村,83974,A,2013年,2
115.200455,25.641314,663,江西省,赣州市,赣县区,江西省赣州市赣县韩坊镇小坪村,C3607002009067130024469,C3607002009067130024469003,C3607002009067130024469003,115.200455,25.641314,25975.17,无法确认治理恢复责任主体的无主废弃矿山,完全修复,自然恢复,Dec-23,25975.17,0,赣州市自然资源局赣县分局,曹江,2023-12-26,,江西省赣州市赣县韩坊镇小坪村,32014,B,2010年之前,1
115.22909,26.012917,691,江西省,赣州市,赣县区,江西省赣州市赣县吉埠镇建节村,C3607212009117130041381,C3607212009117130041381001,C3607212009117130041381001,115.22909,26.012917,17445.46,无法确认治理恢复责任主体的无主废弃矿山,完全修复,自然恢复,Dec-23,17445.46,0,赣州市自然资源局赣县分局,宗小天,2023-12-26,,江西省赣州市赣县吉埠镇建节村,83978,A,2013年,1
114.829605,27.96315,715,江西省,新余市,渝水区,江西省新余市渝水区欧里镇白梅村,C3600002009121120049447,C3600002009121120049447002,C3600002009121120049447002,114.829605,27.96315,542.03,无法确认治理恢复责任主体的无主废弃矿山,完全修复,自然恢复,Dec-23,543.03,0,新余市自然资源局渝水分局,欧阳勇,2024-1-15,,江西省新余市渝水区欧里镇白梅村,11001,B,2017,1
114.73415,27.801668,719,江西省,新余市,分宜县,江西省新余市分宜县分宜镇万溪村,C3600002009121120049462,C3600002009121120049462003,C3600002009121120049462003,114.73415,27.801668,736.28,无法确认治理恢复责任主体的无主废弃矿山,完全修复,自然恢复,Dec-23,736.28,0,分宜县自然资源局,王海栋,2024-1-11,该地块进不去，无法拍照。,江西省新余市分宜县分宜镇万溪村,11001,B,2009年,2
114.734825,27.79639,720,江西省,新余市,分宜县,江西省新余市分宜县分宜镇万溪村,C3600002009121120049462,C3600002009121120049462004,C3600002009121120049462004,114.734825,27.79639,411.3,无法确认治理恢复责任主体的无主废弃矿山,完全修复,自然恢复,Dec-23,411.3,0,分宜县自然资源局,王海栋,2024-1-11,该地块进不去，无法拍照。,江西省新余市分宜县分宜镇万溪村,11001,B,2009年,2
114.74678,27.798918,721,江西省,新余市,分宜县,江西省新余市分宜县分宜镇万溪村,C3600002009121120049462,C3600002009121120049462007,C3600002009121120049462007,114.74678,27.798918,753.84,无法确认治理恢复责任主体的无主废弃矿山,完全修复,自然恢复,Dec-23,753.84,0,分宜县自然资源局,王海栋,2024-1-11,该地块进不去，无法拍照。,江西省新余市分宜县分宜镇万溪村,11001,A,2009年,2
114.78397,27.943094,722,江西省,新余市,分宜县,江西省新余市分宜县双林镇集贤村,C3600002010011120052661,C3600002010011120052661002,C3600002010011120052661002,114.78397,27.943094,559.22,无法确认治理恢复责任主体的无主废弃矿山,完全修复,自然恢复,Dec-24,559.22,0,分宜县自然资源局,王海栋,2025-1-2,,江西省新余市分宜县双林镇集贤村,11001,B,1998年,2
115.37882,25.851555,725,江西省,赣州市,于都县,江西省赣州市于都县利村乡狮石下村,C3600002010011120052667,C3600002010011120052667001,C3600002010011120052667001,115.37882,25.851555,2515.2,无法确认治理恢复责任主体的无主废弃矿山,完全修复,自然恢复,Dec-23,2515.2,0,于都县自然资源局,唐晓珍,2024-1-19,,江西省赣州市于都县利村乡狮石下村,11001,B,2018年之前,1
114.532005,27.928085,743,江西省,新余市,分宜县,江西省新余市分宜县杨桥镇辋川村/洋江镇长塘村,C3600002011011120103961,C3600002011011120103961001,C3600002011011120103961001,114.532005,27.928085,4180.6,无法确认治理恢复责任主体的无主废弃矿山,完全修复,自然恢复,Dec-23,4180.6,0,分宜县自然资源局,王海栋,2024-1-11,,江西省新余市分宜县杨桥镇辋川村/洋江镇长塘村,11001,B,2009年,2
114.54989,27.928507,744,江西省,新余市,分宜县,江西省新余市分宜县杨桥镇辋川村,C3600002011011120103961,C3600002011011120103961006,C3600002011011120103961006,114.54989,27.928507,1296.19,无法确认治理恢复责任主体的无主废弃矿山,完全修复,自然恢复,Dec-23,1296.19,0,分宜县自然资源局,王海栋,2024-1-11,,江西省新余市分宜县杨桥镇辋川村,11001,B,2009年,2
114.551765,27.92503,745,江西省,新余市,分宜县,江西省新余市分宜县杨桥镇辋川村,C3600002011011120103961,C3600002011011120103961008,C3600002011011120103961008,114.551765,27.92503,810.84,无法确认治理恢复责任主体的无主废弃矿山,完全修复,自然恢复,Dec-23,810.84,0,分宜县自然资源局,王海栋,2024-1-11,,江西省新余市分宜县杨桥镇辋川村,11001,B,2009年,2
114.553314,27.929405,746,江西省,新余市,分宜县,江西省新余市分宜县杨桥镇辋川村,C3600002011011120103961,C3600002011011120103961009,C3600002011011120103961009,114.553314,27.929405,2542.02,无法确认治理恢复责任主体的无主废弃矿山,完全修复,自然恢复,Dec-23,2542.02,0,分宜县自然资源局,王海栋,2024-1-11,该地块进不去，无法拍照。,江西省新余市分宜县杨桥镇辋川村,11001,B,2009年,2
114.55522,27.934546,747,江西省,新余市,分宜县,江西省新余市分宜县杨桥镇辋川村/杨桥镇新安村,C3600002011011120103961,C3600002011011120103961011,C3600002011011120103961011,114.55522,27.934546,651.03,无法确认治理恢复责任主体的无主废弃矿山,完全修复,自然恢复,Dec-23,651.03,0,分宜县自然资源局,王海栋,2024-1-11,,江西省新余市分宜县杨桥镇辋川村/杨桥镇新安村,11001,B,2009年,2
114.56572,27.928795,748,江西省,新余市,分宜县,江西省新余市分宜县杨桥镇卷山村/杨桥镇辋川村,C3600002011011120103961,C3600002011011120103961014,C3600002011011120103961014,114.56572,27.928795,1561.5,无法确认治理恢复责任主体的无主废弃矿山,完全修复,自然恢复,Dec-24,1561.5,0,分宜县自然资源局,王海栋,2025-1-2,已造林进不去,江西省新余市分宜县杨桥镇卷山村/杨桥镇辋川村,11001,B,2009年,2
115.662865,28.215399,750,江西省,宜春市,丰城市,江西省宜春市丰城市尚庄街办云庄村委会,C3600002011011120103992,C3600002011011120103992009,C3600002011011120103992009,115.662865,28.215399,275.29,无法确认治理恢复责任主体的无主废弃矿山,完全修复,自然恢复,Dec-24,275.29,0,丰城市自然资源局,刘俊峰,2025-1-2,,江西省宜春市丰城市尚庄街办云庄村委会,11001,B,2018,1
114.61179,27.726397,752,江西省,新余市,分宜县,江西省新余市分宜县钤山镇冶元村,C3600002011012110104028,C3600002011012110104028001,C3600002011012110104028001,114.61179,27.726397,10115.04,无法确认治理恢复责任主体的无主废弃矿山,完全修复,自然恢复,Dec-24,10115.04,0,分宜县自然资源局,王海栋,2025-1-2,,江西省新余市分宜县钤山镇冶元村,22001,A,2016年,2
114.61308,27.727383,753,江西省,新余市,分宜县,江西省新余市分宜县钤山镇冶元村,C3600002011012110104028,C3600002011012110104028002,C3600002011012110104028002,114.61308,27.727383,13790.93,无法确认治理恢复责任主体的无主废弃矿山,完全修复,自然恢复,Dec-23,13790.93,0,分宜县自然资源局,王海栋,2024-1-11,该地块进不去，无法拍照。,江西省新余市分宜县钤山镇冶元村,83900,A,2016年,2
115.60981,25.79247,755,江西省,赣州市,会昌县,江西省赣州市会昌县白鹅乡白鹅钨矿/白鹅乡罗屋村,C3600002011013220104194,C3600002011013220104194001,C3600002011013220104194001,115.60981,25.79247,24617.29,无法确认治理恢复责任主体的无主废弃矿山,完全修复,自然恢复,Dec-23,24621.32,0,会昌县自然资源局,邱祺,2024-1-2,,江西省赣州市会昌县白鹅乡白鹅钨矿/白鹅乡罗屋村,32014,A,2019-6-10,1
115.82582,28.877045,761,江西省,南昌市,新建县,江西省南昌市新建县溪霞镇仙里村委会,C3601222010047130062097,C3601222010047130062097001,C3601222010047130062097001,115.82582,28.877045,62065.49,无法确认治理恢复责任主体的无主废弃矿山,完全修复,自然恢复,Dec-24,62065.49,0,南昌市自然资源局新建分局,陈建华,2025-2-13,,江西省南昌市新建县溪霞镇仙里村委会,83907,A,2015年之前,1
115.63976,28.56556,762,江西省,南昌市,新建县,江西省南昌市新建县西山镇龙桥村委会普查区,C3601222010117120084587,C3601222010117120084587002,C3601222010117120084587002,115.63976,28.56556,13919.5,无法确认治理恢复责任主体的无主废弃矿山,完全修复,自然恢复,Dec-24,13919.5,0,南昌市自然资源局新建分局,陈建华,2025-2-13,,江西省南昌市新建县西山镇龙桥村委会普查区,84412,A,2015年之前,1
116.21011,28.500708,763,江西省,南昌市,进贤县,江西省南昌市进贤县前坊镇和平村,C3601242009037120007508,C3601242009037120007508001,C3601242009037120007508001,116.21011,28.500708,22198.21,无法确认治理恢复责任主体的无主废弃矿山,完全修复,自然恢复,Nov-24,22198.21,0,进贤县自然资源局,杨信平,2025-1-3,,江西省南昌市进贤县前坊镇和平村,84412,A,2015,1
116.254295,28.416027,765,江西省,南昌市,进贤县,江西省南昌市进贤县民和镇江前村,C3601242009037120007510,C3601242009037120007510001,C3601242009037120007510001,116.254295,28.416027,15604.98,由政府承担治理恢复责任的政策性关闭矿山,完全修复,自然恢复,Dec-24,15604.98,0,进贤县自然资源局,杨信平,2025-1-3,,江西省南昌市进贤县民和镇江前村,84412,A,2017,1
116.15256,28.43827,766,江西省,南昌市,进贤县,江西省南昌市进贤县罗溪镇章岗村,C3601242009037120007513,C3601242009037120007513001,C3601242009037120007513001,116.15256,28.43827,7314.85,由政府承担治理恢复责任的政策性关闭矿山,完全修复,自然恢复,Dec-24,7314.85,0,进贤县自然资源局,杨信平,2025-1-3,,江西省南昌市进贤县罗溪镇章岗村,84412,A,2018,1
116.076866,28.367392,767,江西省,南昌市,进贤县,江西省南昌市进贤县泉岭乡聂家村,C3601242009037120007515,C3601242009037120007515001,C3601242009037120007515001,116.076866,28.367392,27545.33,由政府承担治理恢复责任的政策性关闭矿山,完全修复,自然恢复,Dec-24,27545.33,0,进贤县自然资源局,杨信平,2025-1-3,,江西省南昌市进贤县泉岭乡聂家村,84412,A,2017,1
116.31902,28.36456,768,江西省,南昌市,进贤县,江西省南昌市进贤县民和镇常湖村,C3601242009037120007517,C3601242009037120007517001,C3601242009037120007517001,116.31902,28.36456,16003.62,由政府承担治理恢复责任的政策性关闭矿山,完全修复,自然恢复,Dec-24,16003.62,0,进贤县自然资源局,杨信平,2025-1-3,,江西省南昌市进贤县民和镇常湖村,84412,A,2018,1
116.32575,28.366297,769,江西省,南昌市,进贤县,江西省南昌市进贤县民和镇西塘村,C3601242009037120007517,C3601242009037120007517004,C3601242009037120007517004,116.32575,28.366297,20500.63,由政府承担治理恢复责任的政策性关闭矿山,完全修复,自然恢复,Dec-24,20500.63,0,进贤县自然资源局,杨信平,2025-1-3,,江西省南昌市进贤县民和镇西塘村,84412,A,2018,1
116.25788,28.458254,770,江西省,南昌市,进贤县,江西省南昌市进贤县七里乡七里村/七里乡石桥村,C3601242009037120007522,C3601242009037120007522001,C3601242009037120007522001,116.25788,28.458254,22051.19,由政府承担治理恢复责任的政策性关闭矿山,完全修复,自然恢复,Dec-24,22051.19,0,进贤县自然资源局,杨信平,2025-1-3,,江西省南昌市进贤县七里乡七里村/七里乡石桥村,84412,A,2018,1
116.11366,28.318165,771,江西省,南昌市,进贤县,江西省南昌市进贤县温圳镇新村村/文港镇晏殊村,C3601242009037120007524,C3601242009037120007524003,C3601242009037120007524003,116.11366,28.318165,10163.36,由政府承担治理恢复责任的政策性关闭矿山,完全修复,自然恢复,Dec-24,10163.36,0,进贤县自然资源局,杨信平,2025-1-3,,江西省南昌市进贤县温圳镇新村村/文港镇晏殊村,84412,A,2018,1
116.29501,28.387592,774,江西省,南昌市,进贤县,江西省南昌市进贤县民和镇白果村,C3601242009037120007526,C3601242009037120007526002,C3601242009037120007526002,116.29501,28.387592,1949.93,由政府承担治理恢复责任的政策性关闭矿山,完全修复,自然恢复,Dec-24,1949.93,0,进贤县自然资源局,杨信平,2025-1-3,,江西省南昌市进贤县民和镇白果村,84412,A,2018,1
116.29579,28.390862,775,江西省,南昌市,进贤县,江西省南昌市进贤县民和镇白果村,C3601242009037120007526,C3601242009037120007526003,C3601242009037120007526003,116.29579,28.390862,9199.97,由政府承担治理恢复责任的政策性关闭矿山,完全修复,自然恢复,Dec-24,9199.97,0,进贤县自然资源局,杨信平,2025-1-3,,江西省南昌市进贤县民和镇白果村,84412,A,2018,1
116.29589,28.388905,776,江西省,南昌市,进贤县,江西省南昌市进贤县民和镇白果村,C3601242009037120007526,C3601242009037120007526004,C3601242009037120007526004,116.29589,28.388905,6307.94,由政府承担治理恢复责任的政策性关闭矿山,完全修复,自然恢复,Dec-24,6307.94,0,进贤县自然资源局,杨信平,2025-1-3,,江西省南昌市进贤县民和镇白果村,84412,A,2018,1
116.2963,28.389578,777,江西省,南昌市,进贤县,江西省南昌市进贤县民和镇白果村,C3601242009037120007526,C3601242009037120007526005,C3601242009037120007526005,116.2963,28.389578,1919.19,由政府承担治理恢复责任的政策性关闭矿山,完全修复,自然恢复,Dec-24,1919.19,0,进贤县自然资源局,杨信平,2025-1-3,,江西省南昌市进贤县民和镇白果村,84412,A,2018,1
116.29698,28.390621,778,江西省,南昌市,进贤县,江西省南昌市进贤县民和镇白果村/民和镇凰岭村,C3601242009037120007526,C3601242009037120007526006,C3601242009037120007526006,116.29698,28.390621,13137.28,由政府承担治理恢复责任的政策性关闭矿山,完全修复,自然恢复,Dec-24,13137.28,0,进贤县自然资源局,杨信平,2025-1-3,,江西省南昌市进贤县民和镇白果村/民和镇凰岭村,84412,A,2018,1
116.13052,28.293896,779,江西省,南昌市,进贤县,江西省南昌市进贤县文港镇南湾村/文港镇张罗村,C3601242009037120007527,C3601242009037120007527001,C3601242009037120007527001,116.13052,28.293896,12433.67,由政府承担治理恢复责任的政策性关闭矿山,完全修复,自然恢复,Dec-24,12433.67,0,进贤县自然资源局,杨信平,2025-1-3,,江西省南昌市进贤县文港镇南湾村/文港镇张罗村,84412,A,2018,1
116.1771,28.309198,780,江西省,南昌市,进贤县,江西省南昌市进贤县张公镇铜岭村,C3601242009037120007530,C3601242009037120007530001,C3601242009037120007530001,116.1771,28.309198,5040.37,由政府承担治理恢复责任的政策性关闭矿山,完全修复,自然恢复,Dec-24,5040.37,0,进贤县自然资源局,杨信平,2025-1-3,,江西省南昌市进贤县张公镇铜岭村,84412,A,2017,1
116.28607,28.404543,781,江西省,南昌市,进贤县,江西省南昌市进贤县民和镇凰岭村,C3601242009037120007536,C3601242009037120007536001,C3601242009037120007536001,116.28607,28.404543,29438.97,由政府承担治理恢复责任的政策性关闭矿山,完全修复,自然恢复,Dec-24,29438.97,0,进贤县自然资源局,杨信平,2025-1-3,,江西省南昌市进贤县民和镇凰岭村,84412,A,2018,1
116.1508,28.255941,783,江西省,南昌市,进贤县,江西省南昌市进贤县文港镇新坪村,C3601242009037120007541,C3601242009037120007541004,C3601242009037120007541004,116.1508,28.255941,9554.63,无法确认治理恢复责任主体的无主废弃矿山,完全修复,自然恢复,Dec-24,9554.63,0,进贤县自然资源局,杨信平,2025-1-3,图斑中间为一条路，根据照片显示，路面也长了草,江西省南昌市进贤县文港镇新坪村,83907,A,2014年之前,1
116.262955,28.585373,784,江西省,南昌市,进贤县,江西省南昌市进贤县三阳集乡赵埠村,C3601242009037120007542,C3601242009037120007542001,C3601242009037120007542001,116.262955,28.585373,1625.45,由政府承担治理恢复责任的政策性关闭矿山,完全修复,自然恢复,Dec-24,1625.45,0,进贤县自然资源局,杨信平,2025-1-3,,江西省南昌市进贤县三阳集乡赵埠村,84412,A,2018,1
116.39337,28.50593,787,江西省,南昌市,进贤县,江西省南昌市进贤县南台乡南台村,C3601242009047120009864,C3601242009047120009864001,C3601242009047120009864001,116.39337,28.50593,2179.98,由政府承担治理恢复责任的政策性关闭矿山,完全修复,自然恢复,Dec-24,2179.98,0,进贤县自然资源局,杨信平,2025-1-3,,江西省南昌市进贤县南台乡南台村,84412,A,2018,1
116.3957,28.505627,788,江西省,南昌市,进贤县,江西省南昌市进贤县南台乡南台村,C3601242009047120009864,C3601242009047120009864003,C3601242009047120009864003,116.3957,28.505627,3778.36,由政府承担治理恢复责任的政策性关闭矿山,完全修复,自然恢复,Dec-24,3778.36,0,进贤县自然资源局,杨信平,2025-1-3,,江西省南昌市进贤县南台乡南台村,84412,A,2018,1
116.33027,28.3259,790,江西省,南昌市,进贤县,江西省南昌市进贤县下埠集乡双溪村,C3601242009047120009873,C3601242009047120009873006,C3601242009047120009873006,116.33027,28.3259,39430.34,由政府承担治理恢复责任的政策性关闭矿山,完全修复,自然恢复,Dec-24,39430.34,0,进贤县自然资源局,杨信平,2025-1-3,,江西省南昌市进贤县下埠集乡双溪村,84412,A,2018,1
116.49269,28.33356,791,江西省,南昌市,进贤县,江西省南昌市进贤县衙前乡罗家村/衙前乡秧塘村,C3601242009047120009876,C3601242009047120009876002,C3601242009047120009876002,116.49269,28.33356,2233.98,无法确认治理恢复责任主体的无主废弃矿山,完全修复,自然恢复,Dec-24,2233.98,0,进贤县自然资源局,杨信平,2025-1-3,,江西省南昌市进贤县衙前乡罗家村/衙前乡秧塘村,84412,A,2014年之前,1
116.49348,28.33295,792,江西省,南昌市,进贤县,江西省南昌市进贤县衙前乡秧塘村,C3601242009047120009876,C3601242009047120009876003,C3601242009047120009876003,116.49348,28.33295,11905.38,无法确认治理恢复责任主体的无主废弃矿山,完全修复,自然恢复,Dec-24,11905.38,0,进贤县自然资源局,杨信平,2025-1-3,,江西省南昌市进贤县衙前乡秧塘村,84412,A,2014年之前,1
116.15725,28.41343,793,江西省,南昌市,进贤县,江西省南昌市进贤县罗溪镇罗溪村,C3601242009047120009884,C3601242009047120009884002,C3601242009047120009884002,116.15725,28.41343,11116.97,无法确认治理恢复责任主体的无主废弃矿山,完全修复,自然恢复,Dec-24,11116.97,0,进贤县自然资源局,杨信平,2025-1-3,,江西省南昌市进贤县罗溪镇罗溪村,84412,A,2017,1
116.10873,28.333078,794,江西省,南昌市,进贤县,江西省南昌市进贤县温圳镇新村村,C3601242009047120009885,C3601242009047120009885001,C3601242009047120009885001,116.10873,28.333078,18667.39,由政府承担治理恢复责任的政策性关闭矿山,完全修复,自然恢复,Dec-24,18667.39,0,进贤县自然资源局,杨信平,2025-1-3,,江西省南昌市进贤县温圳镇新村村,84412,A,2018,1
116.34475,28.670366,795,江西省,南昌市,进贤县,江西省南昌市进贤县三里乡丰富村/三里乡金溪湖,C3601242009047120009886,C3601242009047120009886001,C3601242009047120009886001,116.34475,28.670366,6352.65,由政府承担治理恢复责任的政策性关闭矿山,完全修复,自然恢复,Dec-24,6352.65,0,进贤县自然资源局,杨信平,2025-1-3,,江西省南昌市进贤县三里乡丰富村/三里乡金溪湖,84412,A,2018,1
115.492485,28.291498,797,江西省,宜春市,丰城市,江西省宜春市丰城市董家镇田东村委会,CT3609812016600692,CT3609812016600692001,CT3609812016600692001,115.492485,28.291498,8861.02,无法确认治理恢复责任主体的无主废弃矿山,完全修复,自然恢复,Dec-24,8861.02,0,丰城市自然资源局,刘俊峰,2025-1-3,,江西省宜春市丰城市董家镇田东村委会,84412,A,2016,1
115.93197,28.153992,798,江西省,宜春市,丰城市,江西省宜春市丰城市张巷镇张巷村委会,CT3609812016600709,CT3609812016600709001,CT3609812016600709001,115.93197,28.153992,6523.39,无法确认治理恢复责任主体的无主废弃矿山,完全修复,自然恢复,Dec-23,6523.39,0,丰城市自然资源局,刘俊峰,2024-1-3,,江西省宜春市丰城市张巷镇张巷村委会,84412,A,2012年前,1
115.91692,28.054716,799,江西省,宜春市,丰城市,江西省宜春市丰城市杜市镇兰溪村委会/桥东镇南山村委会,CT3609812016600715,CT3609812016600715001,CT3609812016600715001,115.91692,28.054716,36289.48,无法确认治理恢复责任主体的无主废弃矿山,完全修复,自然恢复,Dec-24,36289.48,0,丰城市自然资源局,刘俊峰,2025-1-3,,江西省宜春市丰城市杜市镇兰溪村委会/桥东镇南山村委会,11001,B,2018,1
115.78195,28.060085,802,江西省,宜春市,丰城市,江西省宜春市丰城市桥东镇七里村委会,CT3609812016600728,CT3609812016600728001,CT3609812016600728001,115.78195,28.060085,7290.19,无法确认治理恢复责任主体的无主废弃矿山,完全修复,自然恢复,Dec-24,7290.19,0,丰城市自然资源局,刘俊峰,2025-1-3,,江西省宜春市丰城市桥东镇七里村委会,11001,B,2017,1
115.820465,27.74383,803,江西省,宜春市,丰城市,江西省宜春市丰城市蕉坑乡坪上村委会,CT3609812016600769,CT3609812016600769001,CT3609812016600769001,115.820465,27.74383,4196.05,无法确认治理恢复责任主体的无主废弃矿山,完全修复,自然恢复,Dec-23,4196.05,0,丰城市自然资源局,刘俊峰,2024-1-3,,江西省宜春市丰城市蕉坑乡坪上村委会,84632,A,2017,1
115.85954,27.947971,804,江西省,宜春市,丰城市,江西省宜春市丰城市洛市镇攸洛村委会,CT3609812016600772,CT3609812016600772002,CT3609812016600772002,115.85954,27.947971,14381.73,无法确认治理恢复责任主体的无主废弃矿山,完全修复,自然恢复,Dec-24,14381.73,0,丰城市自然资源局,刘俊峰,2025-1-3,,江西省宜春市丰城市洛市镇攸洛村委会,84412,A,2012年前,1
115.7249,27.946053,805,江西省,宜春市,丰城市,江西省宜春市丰城市荷湖乡新泽村委会,CT3609812016600817,CT3609812016600817001,CT3609812016600817001,115.7249,27.946053,2785.65,无法确认治理恢复责任主体的无主废弃矿山,完全修复,自然恢复,Dec-23,2785.65,0,丰城市自然资源局,刘俊峰,2024-1-3,,江西省宜春市丰城市荷湖乡新泽村委会,84134,A,2017,1
115.71201,28.002653,807,江西省,宜春市,丰城市,江西省宜春市丰城市丽村镇对木村委会,CT3609812016600844,CT3609812016600844001,CT3609812016600844001,115.71201,28.002653,12058.73,无法确认治理恢复责任主体的无主废弃矿山,完全修复,自然恢复,Dec-24,12058.73,0,丰城市自然资源局,余国庆,2025-1-3,,江西省宜春市丰城市丽村镇对木村委会,84412,A,2012,1
115.7813,28.060522,808,江西省,宜春市,丰城市,江西省宜春市丰城市桥东镇七里村委会/桥东镇盛家村委会,CT3609812016600847,CT3609812016600847001,CT3609812016600847001,115.7813,28.060522,18790.49,无法确认治理恢复责任主体的无主废弃矿山,完全修复,自然恢复,Dec-24,18790.49,0,丰城市自然资源局,刘俊峰,2025-1-3,,江西省宜春市丰城市桥东镇七里村委会/桥东镇盛家村委会,83993,B,2017,1
116.70347,28.570364,830,江西省,上饶市,余干县,江西省上饶市余干县大溪乡牛皮山村,CT3611272016000061,CT3611272016000061004,CT3611272016000061004,116.70347,28.570364,4328.01,无法确认治理恢复责任主体的无主废弃矿山,完全修复,自然恢复,Dec-24,4328.01,0,余干县自然资源局,张武童,2024-10-15,,江西省上饶市余干县大溪乡牛皮山村,84412,A,2018年之前,1
116.36879,28.494,833,江西省,南昌市,进贤县,江西省南昌市进贤县南台乡宋家村,ZJ3601242021002,ZJ3601242021002001,ZJ3601242021002001,116.36879,28.494,8813.93,无法确认治理恢复责任主体的无主废弃矿山,完全修复,自然恢复,Dec-24,8813.93,0,进贤县自然资源局,杨信平,2025-1-7,,江西省南昌市进贤县南台乡宋家村,84412,A,2015,1
115.19649,29.22488,838,江西省,九江市,武宁县,江西省 九江市武宁县罗坪镇关山村,ZJ3604232021035,ZJ3604232021035001,ZJ3604232021035001,115.19649,29.22488,5060.51,无法确认治理恢复责任主体的无主废弃矿山,完全修复,自然恢复,Dec-24,5060.51,0,武宁县自然资源局,胡慧文,2024-12-10,,江西省 九江市武宁县罗坪镇关山村,83907,A,2011,7
115.64951,29.708187,843,江西省,九江市,瑞昌市,江西省 九江市瑞昌市桂林街道办庆丰村,ZJ3604812021067,ZJ3604812021067001,ZJ3604812021067001,115.64951,29.708187,6236.14,无法确认治理恢复责任主体的无主废弃矿山,完全修复,自然恢复,Dec-24,6236.14,0,瑞昌市自然资源局,王义东,2025-1-2,,江西省 九江市瑞昌市桂林街道办庆丰村,83907,A,Mar-98,1
116.050514,29.509146,846,江西省,九江市,星子县,江西省 九江市庐山市白鹿镇交通村,ZJ3604832021022,ZJ3604832021022001,ZJ3604832021022001,116.050514,29.509146,51799.15,无法确认治理恢复责任主体的无主废弃矿山,完全修复,自然恢复,Dec-24,51799.15,0,庐山市自然资源局,胡慧文,2025-1-2,,江西省 九江市庐山市白鹿镇交通村,84412,A,2009,1
114.92932,28.034924,854,江西省,新余市,渝水区,江西省新余市渝水区人和乡观下村/人和乡朱家村,ZJ3605022021033,ZJ3605022021033001,ZJ36050220210330011,114.92932,28.034924,85573.68,由政府承担治理恢复责任的政策性关闭矿山,部分修复,工程修复  自然恢复,2023-12 2024-10,20929.36,64644.32,新余市自然资源局渝水分局,彭勇,2024-12-21,,江西省新余市渝水区人和乡观下村/人和乡朱家村,84711,A,2020,1
114.7513,27.826279,862,江西省,新余市,分宜县,江西省新余市分宜县分宜镇洞沅村,ZJ3605212021018,ZJ3605212021018001,ZJ3605212021018001,114.7513,27.826279,29736.09,由政府承担治理恢复责任的政策性关闭矿山,完全修复,自然恢复,Oct-24,29736.09,0,分宜县自然资源局,王海栋,2025-1-2,,江西省新余市分宜县分宜镇洞沅村,11001,B,2020年,2
114.75406,27.827496,863,江西省,新余市,分宜县,江西省新余市分宜县分宜镇洞沅村,ZJ3605212021018,ZJ3605212021018002,ZJ3605212021018002,114.75406,27.827496,5302.68,由政府承担治理恢复责任的政策性关闭矿山,完全修复,自然恢复,Dec-24,5302.68,0,分宜县自然资源局,王海栋,2025-1-2,,江西省新余市分宜县分宜镇洞沅村,11001,B,2020年,2
115.13968,25.502811,875,江西省,赣州市,赣县区,韩坊镇梅街村梅陂组,ZJ3607042021169,ZJ3607042021169001,ZJ3607042021169001,115.13968,25.502811,10906.28,无法确认治理恢复责任主体的无主废弃矿山,完全修复,自然恢复,Dec-23,10906.28,0,赣州市自然资源局赣县分局,肖武,2023-12-25,,韩坊镇梅街村梅陂组,83974,A,2018年之前,1
116.4218,28.590176,891,江西省,南昌市,进贤县,江西省南昌市进贤县梅庄镇梅庄村,C3601242009077120026079,C3601242009077120026079001,C3601242009077120026079001,116.4218,28.590176,7069.98,由政府承担治理恢复责任的政策性关闭矿山,完全修复,自然恢复,Dec-24,7069.98,0,进贤县自然资源局,杨信平,2025-1-7,,江西省南昌市进贤县梅庄镇梅庄村,84412,A,2018,1
116.42222,28.58848,892,江西省,南昌市,进贤县,江西省南昌市进贤县梅庄镇梅庄村/梅庄镇新庄村,C3601242009077120026079,C3601242009077120026079002,C3601242009077120026079002,116.42222,28.58848,17403.08,由政府承担治理恢复责任的政策性关闭矿山,完全修复,自然恢复,Dec-24,17403.08,0,进贤县自然资源局,杨信平,2025-1-7,,江西省南昌市进贤县梅庄镇梅庄村/梅庄镇新庄村,84412,A,2018,1
116.422295,28.587112,893,江西省,南昌市,进贤县,江西省南昌市进贤县梅庄镇新庄村,C3601242009077120026079,C3601242009077120026079003,C3601242009077120026079003,116.422295,28.587112,14003.47,由政府承担治理恢复责任的政策性关闭矿山,完全修复,自然恢复,Dec-24,14003.47,0,进贤县自然资源局,杨信平,2025-1-7,,江西省南昌市进贤县梅庄镇新庄村,84412,A,2018,1
116.423386,28.58768,894,江西省,南昌市,进贤县,江西省南昌市进贤县梅庄镇新庄村,C3601242009077120026079,C3601242009077120026079004,C3601242009077120026079004,116.423386,28.58768,8046.12,由政府承担治理恢复责任的政策性关闭矿山,完全修复,自然恢复,Dec-24,8046.12,0,进贤县自然资源局,杨信平,2025-1-7,,江西省南昌市进贤县梅庄镇新庄村,84412,A,2018,1
116.40069,28.426779,895,江西省,南昌市,进贤县,江西省南昌市进贤县池溪乡岭里村,C3601242009077120026082,C3601242009077120026082002,C3601242009077120026082002,116.40069,28.426779,11393.28,无法确认治理恢复责任主体的无主废弃矿山,完全修复,自然恢复,Dec-24,11393.28,0,进贤县自然资源局,杨信平,2025-1-7,,江西省南昌市进贤县池溪乡岭里村,84412,A,2016,1
116.42644,28.592047,896,江西省,南昌市,进贤县,江西省南昌市进贤县梅庄镇新庄村,C3601242009077120026085,C3601242009077120026085001,C3601242009077120026085001,116.42644,28.592047,2486.17,无法确认治理恢复责任主体的无主废弃矿山,完全修复,自然恢复,Dec-24,2486.17,0,进贤县自然资源局,杨信平,2025-1-7,,江西省南昌市进贤县梅庄镇新庄村,84412,A,2017,1
116.427025,28.592146,897,江西省,南昌市,进贤县,江西省南昌市进贤县梅庄镇新庄村,C3601242009077120026085,C3601242009077120026085002,C3601242009077120026085002,116.427025,28.592146,11962.9,无法确认治理恢复责任主体的无主废弃矿山,完全修复,自然恢复,Dec-24,11962.9,0,进贤县自然资源局,杨信平,2025-1-7,,江西省南昌市进贤县梅庄镇新庄村,84412,A,2017,1
116.37726,28.601992,899,江西省,南昌市,进贤县,江西省南昌市进贤县梅庄镇井岗村,C3601242009077120026087,C3601242009077120026087002,C3601242009077120026087002,116.37726,28.601992,11149.26,由政府承担治理恢复责任的政策性关闭矿山,完全修复,自然恢复,Dec-24,11149.26,0,进贤县自然资源局,杨信平,2025-1-7,,江西省南昌市进贤县梅庄镇井岗村,84412,A,2018,1
116.41502,28.613314,901,江西省,南昌市,进贤县,江西省南昌市进贤县梅庄镇富华村/梅庄镇新瑶村,C3601242009077120026088,C3601242009077120026088003,C3601242009077120026088003,116.41502,28.613314,8425.6,由政府承担治理恢复责任的政策性关闭矿山,完全修复,自然恢复,Dec-24,8425.6,0,进贤县自然资源局,杨信平,2025-1-7,,江西省南昌市进贤县梅庄镇富华村/梅庄镇新瑶村,84412,A,2018,1
116.14405,28.279001,903,江西省,南昌市,进贤县,江西省南昌市进贤县文港镇长塘村,C3601242009087120031643,C3601242009087120031643001,C3601242009087120031643001,116.14405,28.279001,19288.06,由政府承担治理恢复责任的政策性关闭矿山,完全修复,自然恢复,Dec-24,19288.06,0,进贤县自然资源局,杨信平,2025-1-7,,江西省南昌市进贤县文港镇长塘村,84412,A,2018,1
116.145515,28.280422,904,江西省,南昌市,进贤县,江西省南昌市进贤县文港镇长塘村,C3601242009087120031643,C3601242009087120031643002,C3601242009087120031643002,116.145515,28.280422,12139.09,由政府承担治理恢复责任的政策性关闭矿山,完全修复,自然恢复,Dec-24,12139.09,0,进贤县自然资源局,杨信平,2025-1-7,,江西省南昌市进贤县文港镇长塘村,84412,A,2018,1
116.41194,28.709175,905,江西省,南昌市,进贤县,江西省南昌市进贤县三里乡新和村,C3601242009087120031753,C3601242009087120031753002,C3601242009087120031753002,116.41194,28.709175,2100.6,由政府承担治理恢复责任的政策性关闭矿山,完全修复,自然恢复,Dec-24,2100.6,0,进贤县自然资源局,杨信平,2025-1-7,,江西省南昌市进贤县三里乡新和村,84412,A,2017,1
116.25659,28.479088,906,江西省,南昌市,进贤县,江西省南昌市进贤县七里乡建设村,C3601242009087120031754,C3601242009087120031754003,C3601242009087120031754003,116.25659,28.479088,9200.02,无法确认治理恢复责任主体的无主废弃矿山,完全修复,自然恢复,Dec-24,9200.02,0,进贤县自然资源局,杨信平,2025-1-7,,江西省南昌市进贤县七里乡建设村,84412,A,2015,1
116.41733,28.670729,907,江西省,南昌市,进贤县,江西省南昌市进贤县三里乡新强村,C3601242009087120031760,C3601242009087120031760001,C3601242009087120031760001,116.41733,28.670729,26582.19,由政府承担治理恢复责任的政策性关闭矿山,完全修复,自然恢复,Dec-24,26582.19,0,进贤县自然资源局,杨信平,2025-1-7,,江西省南昌市进贤县三里乡新强村,84412,A,2018,1
116.42586,28.671522,909,江西省,南昌市,进贤县,江西省南昌市进贤县三里乡新强村,C3601242009087120031760,C3601242009087120031760005,C3601242009087120031760005,116.42586,28.671522,53865.05,由政府承担治理恢复责任的政策性关闭矿山,完全修复,自然恢复,Dec-24,53865.05,0,进贤县自然资源局,杨信平,2025-1-7,,江西省南昌市进贤县三里乡新强村,84412,A,2018,1
116.322365,28.363113,913,江西省,南昌市,进贤县,江西省南昌市进贤县民和镇西塘村,C3601242009087120031764,C3601242009087120031764003,C3601242009087120031764003,116.322365,28.363113,2675.86,由政府承担治理恢复责任的政策性关闭矿山,完全修复,自然恢复,Dec-24,2675.86,0,进贤县自然资源局,杨信平,2025-1-7,,江西省南昌市进贤县民和镇西塘村,84412,A,2018,1
116.32379,28.361277,914,江西省,南昌市,进贤县,江西省南昌市进贤县民和镇西塘村,C3601242009087120031764,C3601242009087120031764004,C3601242009087120031764004,116.32379,28.361277,11401.13,由政府承担治理恢复责任的政策性关闭矿山,完全修复,自然恢复,Dec-24,11401.13,0,进贤县自然资源局,杨信平,2025-1-7,,江西省南昌市进贤县民和镇西塘村,84412,A,2018,1
116.060394,28.334658,916,江西省,南昌市,进贤县,江西省南昌市进贤县温圳镇康山村,C3601242009107120038861,C3601242009107120038861002,C3601242009107120038861002,116.060394,28.334658,19900.78,由政府承担治理恢复责任的政策性关闭矿山,完全修复,自然恢复,Dec-24,19900.78,0,进贤县自然资源局,杨信平,2025-1-7,,江西省南昌市进贤县温圳镇康山村,84412,A,2017,1
116.25015,28.571444,917,江西省,南昌市,进贤县,江西省南昌市进贤县三阳集乡凤凰村,C3601242009107120038865,C3601242009107120038865002,C3601242009107120038865002,116.25015,28.571444,12578.97,由政府承担治理恢复责任的政策性关闭矿山,完全修复,自然恢复,Dec-24,12578.97,0,进贤县自然资源局,杨信平,2025-1-7,,江西省南昌市进贤县三阳集乡凤凰村,84412,A,2018,1
116.2595,28.352467,918,江西省,南昌市,进贤县,江西省南昌市进贤县民和镇老城区,C3601242009117120041750,C3601242009117120041750001,C3601242009117120041750001,116.2595,28.352467,4963.23,由政府承担治理恢复责任的政策性关闭矿山,完全修复,自然恢复,Dec-24,4963.23,0,进贤县自然资源局,杨信平,2025-1-7,,江西省南昌市进贤县民和镇老城区,84412,A,2017,1
116.26225,28.353014,919,江西省,南昌市,进贤县,江西省南昌市进贤县民和镇高岭村/民和镇老城区,C3601242009117120041750,C3601242009117120041750003,C3601242009117120041750003,116.26225,28.353014,7212.89,由政府承担治理恢复责任的政策性关闭矿山,完全修复,自然恢复,Dec-24,7212.89,0,进贤县自然资源局,杨信平,2025-1-7,,江西省南昌市进贤县民和镇高岭村/民和镇老城区,84412,A,2017,1
116.26383,28.351694,920,江西省,南昌市,进贤县,江西省南昌市进贤县民和镇高岭村,C3601242009117120041750,C3601242009117120041750005,C3601242009117120041750005,116.26383,28.351694,17517.08,由政府承担治理恢复责任的政策性关闭矿山,完全修复,自然恢复,Dec-24,17517.08,0,进贤县自然资源局,杨信平,2025-1-7,,江西省南昌市进贤县民和镇高岭村,84412,A,2017,1
116.03369,28.408838,922,江西省,南昌市,进贤县,江西省南昌市进贤县架桥镇彭宗村,C3601242009127120046894,C3601242009127120046894001,C3601242009127120046894001,116.03369,28.408838,18037.37,由政府承担治理恢复责任的政策性关闭矿山,完全修复,自然恢复,Dec-24,18037.37,0,进贤县自然资源局,杨信平,2025-1-7,,江西省南昌市进贤县架桥镇彭宗村,84412,A,2018,1
116.03449,28.4071,923,江西省,南昌市,进贤县,江西省南昌市进贤县架桥镇彭宗村,C3601242009127120046894,C3601242009127120046894002,C3601242009127120046894002,116.03449,28.4071,9281.62,由政府承担治理恢复责任的政策性关闭矿山,完全修复,自然恢复,Dec-24,9281.62,0,进贤县自然资源局,杨信平,2025-1-7,,江西省南昌市进贤县架桥镇彭宗村,84412,A,2018,1
116.03535,28.4119,924,江西省,南昌市,进贤县,江西省南昌市进贤县架桥镇彭宗村,C3601242009127120046894,C3601242009127120046894004,C3601242009127120046894004,116.03535,28.4119,3801.88,由政府承担治理恢复责任的政策性关闭矿山,完全修复,自然恢复,Dec-24,3801.88,0,进贤县自然资源局,杨信平,2025-1-7,,江西省南昌市进贤县架桥镇彭宗村,84412,A,2018,1
116.037796,28.408476,926,江西省,南昌市,进贤县,江西省南昌市进贤县架桥镇彭宗村,C3601242009127120046894,C3601242009127120046894006,C3601242009127120046894006,116.037796,28.408476,11096.52,由政府承担治理恢复责任的政策性关闭矿山,完全修复,自然恢复,Dec-24,11096.52,0,进贤县自然资源局,杨信平,2025-1-7,,江西省南昌市进贤县架桥镇彭宗村,84412,A,2018,1
114.92698,27.180164,944,江西省,吉安市,吉州区,江西省吉安市吉州区长塘镇培模村,CT3608022016000011,CT3608022016000011001,CT3608022016000011001,114.92698,27.180164,6642.88,无法确认治理恢复责任主体的无主废弃矿山,完全修复,自然恢复,Dec-24,6642.88,0,吉安市自然资源局吉州分局,余欣鑫,2025-1-7,,江西省吉安市吉州区长塘镇培模村,84412,A,2017年前,3
114.91111,27.130848,946,江西省,吉安市,吉州区,江西省吉安市吉州区兴桥镇秀江村,CT3608022016000026,CT3608022016000026002,CT3608022016000026002,114.91111,27.130848,13507.27,无法确认治理恢复责任主体的无主废弃矿山,完全修复,自然恢复,Dec-24,13507.27,0,吉安市自然资源局吉州分局,余欣鑫,2025-1-7,,江西省吉安市吉州区兴桥镇秀江村,84412,A,2015年前,3
115.67417,27.0299,952,江西省,吉安市,永丰县,江西省吉安市永丰县官山林场/陶塘乡邱坊村,CT3608252017000001,CT3608252017000001001,CT3608252017000001001,115.67417,27.0299,43104.89,无法确认治理恢复责任主体的无主废弃矿山,完全修复,自然恢复,Dec-24,43104.89,0,永丰县自然资源局,李皆林,2025-1-13,,江西省吉安市永丰县官山林场/陶塘乡邱坊村,84412,A,2018,1
115.67496,27.031708,953,江西省,吉安市,永丰县,江西省吉安市永丰县官山林场/陶塘乡邱坊村,CT3608252017000001,CT3608252017000001002,CT3608252017000001002,115.67496,27.031708,1499.03,无法确认治理恢复责任主体的无主废弃矿山,完全修复,自然恢复,Dec-24,1499.03,0,永丰县自然资源局,李皆林,2025-1-13,,江西省吉安市永丰县官山林场/陶塘乡邱坊村,84412,A,2017,1
115.675,27.030037,954,江西省,吉安市,永丰县,江西省吉安市永丰县陶塘乡邱坊村,CT3608252017000001,CT3608252017000001003,CT3608252017000001003,115.675,27.030037,11336.57,无法确认治理恢复责任主体的无主废弃矿山,完全修复,自然恢复,Dec-24,11336.57,0,永丰县自然资源局,李皆林,2025-1-13,,江西省吉安市永丰县陶塘乡邱坊村,84412,A,2018,1
115.67615,27.029758,955,江西省,吉安市,永丰县,江西省吉安市永丰县陶塘乡邱坊村,CT3608252017000001,CT3608252017000001004,CT3608252017000001004,115.67615,27.029758,10646.89,无法确认治理恢复责任主体的无主废弃矿山,完全修复,自然恢复,Dec-24,10646.89,0,永丰县自然资源局,李皆林,2025-1-13,,江西省吉安市永丰县陶塘乡邱坊村,84412,A,2018,7
115.676765,27.03007,956,江西省,吉安市,永丰县,江西省吉安市永丰县陶塘乡邱坊村,CT3608252017000001,CT3608252017000001005,CT3608252017000001005,115.676765,27.03007,1406.75,无法确认治理恢复责任主体的无主废弃矿山,完全修复,自然恢复,Dec-24,1406.75,0,永丰县自然资源局,李皆林,2025-1-13,,江西省吉安市永丰县陶塘乡邱坊村,84412,A,2017,7
115.50219,27.173395,957,江西省,吉安市,永丰县,江西省吉安市永丰县古县镇古县村,CT3608252017000003,CT3608252017000003001,CT3608252017000003001,115.50219,27.173395,28099.4,无法确认治理恢复责任主体的无主废弃矿山,完全修复,自然恢复,Dec-24,28099.4,0,永丰县自然资源局,李皆林,2025-2-23,,江西省吉安市永丰县古县镇古县村,84132,A,2018,1
115.6027,27.10597,958,江西省,吉安市,永丰县,江西省吉安市永丰县瑶田镇梅坑村,CT3608252017000004,CT3608252017000004001,CT3608252017000004001,115.6027,27.10597,23568.36,无法确认治理恢复责任主体的无主废弃矿山,完全修复,自然恢复,Dec-24,23568.36,0,永丰县自然资源局,李皆林,2025-1-13,,江西省吉安市永丰县瑶田镇梅坑村,84412,A,2018,3
115.603966,27.106855,959,江西省,吉安市,永丰县,江西省吉安市永丰县瑶田镇梅坑村,CT3608252017000004,CT3608252017000004002,CT3608252017000004002,115.603966,27.106855,16871.32,无法确认治理恢复责任主体的无主废弃矿山,完全修复,自然恢复,Dec-24,16871.32,0,永丰县自然资源局,李皆林,2025-1-13,,江西省吉安市永丰县瑶田镇梅坑村,84412,A,2016,1
114.482445,27.854258,965,江西省,宜春市,袁州区,江西省宜春市袁州区渥江镇石背村委会,CT3609022016600158,CT3609022016600158001,CT3609022016600158001,114.482445,27.854258,4763.82,无法确认治理恢复责任主体的无主废弃矿山,完全修复,自然恢复,Dec-24,4763.82,0,宜春市自然资源局袁州分局,杨庚,2024-12-18,,江西省宜春市袁州区渥江镇石背村委会,84412,A,2018年之前,3
114.394356,27.733013,967,江西省,宜春市,袁州区,江西省宜春市袁州区南庙镇白马村委会,CT3609022016600189,CT3609022016600189001,CT3609022016600189001,114.394356,27.733013,12476.9,无法确认治理恢复责任主体的无主废弃矿山,完全修复,自然恢复,Dec-23,12476.9,0,宜春市自然资源局袁州分局,杨庚,2024-1-3,,江西省宜春市袁州区南庙镇白马村委会,84412,A,2018年之前,1
114.53561,27.762327,968,江西省,宜春市,袁州区,江西省宜春市袁州区彬江镇英山村委会,CT3609022016600197,CT3609022016600197001,CT3609022016600197001,114.53561,27.762327,10254.35,无法确认治理恢复责任主体的无主废弃矿山,完全修复,自然恢复,Dec-24,10254.35,0,宜春市自然资源局袁州分局,杨庚,2024-12-18,,江西省宜春市袁州区彬江镇英山村委会,84412,A,2018年之前,1
114.398026,27.765337,971,江西省,宜春市,袁州区,江西省宜春市袁州区珠泉街道,CT3609022016600203,CT3609022016600203001,CT3609022016600203001,114.398026,27.765337,10308.79,无法确认治理恢复责任主体的无主废弃矿山,完全修复,自然恢复,Dec-23,10308.79,0,宜春市自然资源局袁州分局,杨庚,2024-1-3,,江西省宜春市袁州区珠泉街道,84412,A,2018年之前,1
114.20493,27.959206,972,江西省,宜春市,袁州区,江西省宜春市袁州区金瑞镇前进村委会,CT3609022016600218,CT3609022016600218001,CT3609022016600218001,114.20493,27.959206,21491.92,无法确认治理恢复责任主体的无主废弃矿山,完全修复,自然恢复,Dec-23,21491.92,0,宜春市自然资源局袁州分局,陈焯、杨庚、江冬亲,2024-1-4,,江西省宜春市袁州区金瑞镇前进村委会,84412,A,2018年之前,1
114.20549,27.958118,973,江西省,宜春市,袁州区,江西省宜春市袁州区金瑞镇前进村委会,CT3609022016600226,CT3609022016600226001,CT3609022016600226001,114.20549,27.958118,17070.51,无法确认治理恢复责任主体的无主废弃矿山,完全修复,自然恢复,Dec-23,17070.51,0,宜春市自然资源局袁州分局,陈焯、杨庚、江冬亲,2024-1-4,,江西省宜春市袁州区金瑞镇前进村委会,84412,A,2018年之前,2
114.27129,28.23989,974,江西省,宜春市,万载县,江西省宜春市万载县赤兴乡浙桥村/仙源乡青溪村,CT3609222016600360,CT3609222016600360001,CT3609222016600360001,114.27129,28.23989,12937.63,无法确认治理恢复责任主体的无主废弃矿山,完全修复,自然恢复,Dec-23,12937.63,0,万载县自然资源局,邓金贤,2023-12-13,,江西省宜春市万载县赤兴乡浙桥村/仙源乡青溪村,83290,A,2018年之前,1
114.08323,28.078705,975,江西省,宜春市,万载县,江西省宜春市万载县黄茅镇林场村,CT3609222016600380,CT3609222016600380001,CT3609222016600380001,114.08323,28.078705,10713.02,无法确认治理恢复责任主体的无主废弃矿山,完全修复,自然恢复,Dec-24,10713.02,0,万载县自然资源局,邓金贤,2024-12-31,,江西省宜春市万载县黄茅镇林场村,84170,A,2019年之前,1
114.27998,28.191694,977,江西省,宜春市,万载县,江西省宜春市万载县双桥镇龙田村,CT3609222016600384,CT3609222016600384002,CT3609222016600384002,114.27998,28.191694,6423.37,无法确认治理恢复责任主体的无主废弃矿山,完全修复,自然恢复,Dec-23,6423.37,0,万载县自然资源局,邓金贤,2023-12-13,,江西省宜春市万载县双桥镇龙田村,84412,A,2018年之前,1
115.10876,29.006895,988,江西省,宜春市,靖安县,江西省宜春市靖安县罗湾乡龙岗村,CT3609252016600647,CT3609252016600647001,CT3609252016600647001,115.10876,29.006895,5729.35,无法确认治理恢复责任主体的无主废弃矿山,完全修复,自然恢复,Dec-24,5729.35,0,靖安县自然资源局,邱强伟,2025-1-2,,江西省宜春市靖安县罗湾乡龙岗村,84170,A,2016 年前,3
115.1101,29.00912,989,江西省,宜春市,靖安县,江西省宜春市靖安县罗湾乡龙岗村/璪都镇黄浦村,CT3609252016600647,CT3609252016600647002,CT3609252016600647002,115.1101,29.00912,4993.03,无法确认治理恢复责任主体的无主废弃矿山,完全修复,自然恢复,Dec-24,4993.03,0,靖安县自然资源局,邱强伟,2025-1-2,,江西省宜春市靖安县罗湾乡龙岗村/璪都镇黄浦村,84170,A,2016 年前,1
115.11197,29.00743,990,江西省,宜春市,靖安县,江西省宜春市靖安县罗湾乡龙岗村/璪都镇黄浦村,CT3609252016600647,CT3609252016600647003,CT3609252016600647003,115.11197,29.00743,25292.62,无法确认治理恢复责任主体的无主废弃矿山,完全修复,自然恢复,Dec-24,25292.62,0,靖安县自然资源局,邱强伟,2025-1-2,,江西省宜春市靖安县罗湾乡龙岗村/璪都镇黄浦村,84170,A,2016 年前,1
115.505295,28.908117,992,江西省,南昌市,安义县,江西省宜春市靖安县仁首镇莲塘村/新民乡罗丰村,CT3609252016700001,CT3609252016700001001,CT3609252016700001001,115.505295,28.908117,110688.6,无法确认治理恢复责任主体的无主废弃矿山,完全修复,自然恢复,Dec-23,110688.6,0,安义县自然资源局,刘磊,2024-1-9,,江西省宜春市靖安县仁首镇莲塘村/新民乡罗丰村,84710,A,2010,1
115.30232,26.414154,1034,江西省,赣州市,兴国县,江西省赣州市兴国县高兴镇蒙山村,C3607322009067120041397,C3607322009067120041397001,C3607322009067120041397001,115.30232,26.414154,20129.5,无法确认治理恢复责任主体的无主废弃矿山,完全修复,自然恢复,Dec-23,20129.5,0,兴国县自然资源局,吕石昆,2024-1-16,,江西省赣州市兴国县高兴镇蒙山村,84132,A,2016,1
115.31221,26.312159,1036,江西省,赣州市,兴国县,江西省赣州市兴国县埠头乡大禾村,C3607322009067130031769,C3607322009067130031769001,C3607322009067130031769001,115.31221,26.312159,17447.14,无法确认治理恢复责任主体的无主废弃矿山,完全修复,自然恢复,Dec-23,17447.14,0,兴国县自然资源局,谢忠,2024-1-12,,江西省赣州市兴国县埠头乡大禾村,84132,A,2011,4
115.31292,26.312918,1037,江西省,赣州市,兴国县,江西省赣州市兴国县埠头乡大禾村,C3607322009067130031769,C3607322009067130031769002,C3607322009067130031769002,115.31292,26.312918,3052.32,无法确认治理恢复责任主体的无主废弃矿山,完全修复,自然恢复,Dec-23,3052.32,0,兴国县自然资源局,谢忠,2024-1-16,,江西省赣州市兴国县埠头乡大禾村,84132,A,2011,1
115.736565,26.467499,1041,江西省,赣州市,兴国县,江西省赣州市兴国县古龙岗镇万溪村,C3607322010017120072523,C3607322010017120072523003,C3607322010017120072523003,115.736565,26.467499,10040.9,无法确认治理恢复责任主体的无主废弃矿山,完全修复,自然恢复,Dec-23,10040.9,0,兴国县自然资源局,谢忠,2024-1-16,,江西省赣州市兴国县古龙岗镇万溪村,84711,A,2017,7
115.73747,26.466799,1042,江西省,赣州市,兴国县,江西省赣州市兴国县古龙岗镇万溪村,C3607322010017120072523,C3607322010017120072523004,C3607322010017120072523004,115.73747,26.466799,18385.92,无法确认治理恢复责任主体的无主废弃矿山,完全修复,自然恢复,Dec-23,18385.92,0,兴国县自然资源局,谢忠,2024-1-16,,江西省赣州市兴国县古龙岗镇万溪村,84711,A,2017,7
115.81971,25.604925,1059,江西省,赣州市,会昌县,江西省赣州市会昌县文武坝镇彭迳村,C3607332009077130030262,C3607332009077130030262001,C3607332009077130030262001,115.81971,25.604925,9080.43,由政府承担治理恢复责任的政策性关闭矿山,完全修复,自然恢复,Dec-23,9084.77,0,会昌县自然资源局,邱祺,2024-1-2,,江西省赣州市会昌县文武坝镇彭迳村,84132,A,2015-7-31,1
115.820114,25.604612,1060,江西省,赣州市,会昌县,江西省赣州市会昌县文武坝镇彭迳村,C3607332009077130030262,C3607332009077130030262002,C3607332009077130030262002,115.820114,25.604612,5871.34,由政府承担治理恢复责任的政策性关闭矿山,完全修复,自然恢复,Dec-23,5874.15,0,会昌县自然资源局,邱祺,2024-1-2,,江西省赣州市会昌县文武坝镇彭迳村,84132,A,2015-7-31,1
115.685905,26.438051,1083,江西省,赣州市,兴国县,江西省赣州市兴国县古龙岗镇营前村,CT3607322016000009,CT3607322016000009001,CT3607322016000009001,115.685905,26.438051,2023.8,无法确认治理恢复责任主体的无主废弃矿山,完全修复,自然恢复,Dec-23,2023.8,0,兴国县自然资源局,谢忠,2024-1-17,,江西省赣州市兴国县古龙岗镇营前村,84132,A,2010,7
115.68502,26.437965,1084,江西省,赣州市,兴国县,江西省赣州市兴国县古龙岗镇营前村,CT3607322016000010,CT3607322016000010001,CT3607322016000010001,115.68502,26.437965,9925.64,无法确认治理恢复责任主体的无主废弃矿山,完全修复,自然恢复,Dec-23,9925.64,0,兴国县自然资源局,谢忠,2024-1-17,,江西省赣州市兴国县古龙岗镇营前村,84132,A,2010之后,7
115.784325,26.422144,1087,江西省,赣州市,兴国县,江西省赣州市兴国县梅窖镇寨脑村,CT3607322016000034,CT3607322016000034001,CT36073220160000340011,115.784325,26.422144,17420.19,无法确认治理恢复责任主体的无主废弃矿山,部分修复,自然恢复,Dec-23,13572.09,3848.1,兴国县自然资源局,吕石昆,2024-1-19,,江西省赣州市兴国县梅窖镇寨脑村,84132,A,2015之前,1
115.80514,25.001223,1094,江西省,赣州市,寻乌县,江西省赣州市寻乌县吉潭镇剑溪村,CT3607342016000049,CT3607342016000049001,CT3607342016000049001,115.80514,25.001223,6397.52,无法确认治理恢复责任主体的无主废弃矿山,完全修复,自然恢复,Dec-23,6397.52,0,寻乌县自然资源局,赵志鹏,2024-1-18,,江西省赣州市寻乌县吉潭镇剑溪村,52600,A,2013年之前,1
114.4451,27.837069,1115,江西省,宜春市,袁州区,江西省宜春市袁州区渥江镇信南村委会,C3609022010027120062034,C3609022010027120062034001,C3609022010027120062034001,114.4451,27.837069,22307.19,无法确认治理恢复责任主体的无主废弃矿山,完全修复,自然恢复,Dec-24,22307.19,0,宜春市自然资源局袁州分局,杨庚,2024-12-18,,江西省宜春市袁州区渥江镇信南村委会,84412,A,2018年之前,1
114.446915,27.836191,1116,江西省,宜春市,袁州区,江西省宜春市袁州区渥江镇信南村委会,C3609022010027120062034,C3609022010027120062034002,C3609022010027120062034002,114.446915,27.836191,102014.56,无法确认治理恢复责任主体的无主废弃矿山,完全修复,自然恢复,Dec-24,102414.56,0,宜春市自然资源局袁州分局,杨庚,2024-12-18,,江西省宜春市袁州区渥江镇信南村委会,83907,A,2018年之前,1
114.31787,27.783995,1117,江西省,宜春市,袁州区,江西省宜春市袁州区湖田镇王华村委会,C3609022010037120070662,C3609022010037120070662001,C3609022010037120070662001,114.31787,27.783995,3451.05,无法确认治理恢复责任主体的无主废弃矿山,完全修复,自然恢复,Dec-24,3451.05,0,宜春市自然资源局袁州分局,杨庚,2024-12-18,,江西省宜春市袁州区湖田镇王华村委会,84412,A,2018年之前,1
114.53745,27.764256,1118,江西省,宜春市,袁州区,江西省宜春市袁州区彬江镇英山村委会,C3609022010037120075961,C3609022010037120075961001,C3609022010037120075961001,114.53745,27.764256,31507.27,无法确认治理恢复责任主体的无主废弃矿山,完全修复,自然恢复,Dec-24,31507.27,0,宜春市自然资源局袁州分局,陈焯、杨庚、江冬亲,2024-12-18,,江西省宜春市袁州区彬江镇英山村委会,83907,A,2015,1
114.10892,28.014942,1119,江西省,宜春市,袁州区,江西省宜春市袁州区慈化镇石下村委会,C3609022010047120062035,C3609022010047120062035001,C3609022010047120062035001,114.10892,28.014942,20271.97,无法确认治理恢复责任主体的无主废弃矿山,完全修复,自然恢复,Dec-24,20271.97,0,宜春市自然资源局袁州分局,陈焯、杨庚、江冬亲,2024-12-16,,江西省宜春市袁州区慈化镇石下村委会,84412,A,2016,1
114.10949,28.015358,1120,江西省,宜春市,袁州区,江西省宜春市袁州区慈化镇石下村委会,C3609022010047120062035,C3609022010047120062035002,C3609022010047120062035002,114.10949,28.015358,4916.45,无法确认治理恢复责任主体的无主废弃矿山,完全修复,自然恢复,Dec-24,4916.45,0,宜春市自然资源局袁州分局,陈焯、杨庚、江冬亲,2024-12-16,,江西省宜春市袁州区慈化镇石下村委会,84412,A,2016,1
114.270134,27.924986,1121,江西省,宜春市,袁州区,江西省宜春市袁州区洪塘镇伊塘村委会,C3609022010057130120586,C3609022010057130120586001,C3609022010057130120586001,114.270134,27.924986,4760.17,无法确认治理恢复责任主体的无主废弃矿山,完全修复,自然恢复,Dec-24,4760.17,0,宜春市自然资源局袁州分局,陈焯、杨庚、江冬亲,2024-12-24,,江西省宜春市袁州区洪塘镇伊塘村委会,84412,A,2016,1
114.270454,27.92571,1122,江西省,宜春市,袁州区,江西省宜春市袁州区洪塘镇伊塘村委会,C3609022010057130120586,C3609022010057130120586002,C3609022010057130120586002,114.270454,27.92571,11824.87,无法确认治理恢复责任主体的无主废弃矿山,完全修复,自然恢复,Dec-23,11824.87,0,宜春市自然资源局袁州分局,陈焯、杨庚、江冬亲,2024-1-4,,江西省宜春市袁州区洪塘镇伊塘村委会,83907,A,2016,1
114.45381,28.00379,1123,江西省,宜春市,袁州区,江西省宜春市袁州区柏木乡石下村委会,C3609022010077120112978,C3609022010077120112978002,C3609022010077120112978002,114.45381,28.00379,10231.67,无法确认治理恢复责任主体的无主废弃矿山,完全修复,自然恢复,Dec-23,10231.67,0,宜春市自然资源局袁州分局,陈焯、杨庚、江冬亲,2024-1-6,,江西省宜春市袁州区柏木乡石下村委会,84412,A,2018年之前,1
114.259125,27.80396,1124,江西省,宜春市,袁州区,江西省宜春市袁州区新田镇杨芽村委会,C3609022010087120078215,C3609022010087120078215001,C3609022010087120078215001,114.259125,27.80396,14653.69,无法确认治理恢复责任主体的无主废弃矿山,完全修复,自然恢复,Dec-24,14653.69,0,宜春市自然资源局袁州分局,陈焯、杨庚、江冬亲,2024-12-18,,江西省宜春市袁州区新田镇杨芽村委会,84412,A,2015,1
114.26028,27.80363,1125,江西省,宜春市,袁州区,江西省宜春市袁州区新田镇杨芽村委会,C3609022010087120078215,C3609022010087120078215003,C3609022010087120078215003,114.26028,27.80363,21957.55,无法确认治理恢复责任主体的无主废弃矿山,完全修复,自然恢复,Dec-24,21957.55,0,宜春市自然资源局袁州分局,陈焯、杨庚、江冬亲,2024-12-18,,江西省宜春市袁州区新田镇杨芽村委会,84412,A,2015,2
114.26905,27.92842,1127,江西省,宜春市,袁州区,江西省宜春市袁州区洪塘镇伊塘村委会,C3609022010107120105109,C3609022010107120105109003,C3609022010107120105109003,114.26905,27.92842,14588.57,无法确认治理恢复责任主体的无主废弃矿山,完全修复,自然恢复,Dec-23,14588.57,0,宜春市自然资源局袁州分局,陈焯、杨庚、江冬亲,2024-1-4,,江西省宜春市袁州区洪塘镇伊塘村委会,84412,A,2014,1
114.46332,27.77105,1130,江西省,宜春市,袁州区,江西省宜春市袁州区彬江镇前白村委会,C3609022011107130119254,C3609022011107130119254001,C3609022011107130119254001,114.46332,27.77105,5809.06,无法确认治理恢复责任主体的无主废弃矿山,完全修复,自然恢复,Dec-24,5809.06,0,宜春市自然资源局袁州分局,陈焯、杨庚、江冬亲,2024-12-18,,江西省宜春市袁州区彬江镇前白村委会,83907,A,2018年之前,1
114.46356,27.770042,1131,江西省,宜春市,袁州区,江西省宜春市袁州区彬江镇前白村委会,C3609022011107130119254,C3609022011107130119254002,C3609022011107130119254002,114.46356,27.770042,8167.49,无法确认治理恢复责任主体的无主废弃矿山,完全修复,自然恢复,Dec-24,8167.49,0,宜春市自然资源局袁州分局,陈焯、杨庚、江冬亲,2024-12-18,,江西省宜春市袁州区彬江镇前白村委会,83907,A,2018年之前,1
114.143974,28.223314,1138,江西省,宜春市,万载县,江西省宜春市万载县白水乡永新村,C3609222010067130067161,C3609222010067130067161001,C3609222010067130067161001,114.143974,28.223314,5712.62,无法确认治理恢复责任主体的无主废弃矿山,完全修复,自然恢复,Dec-23,5712.62,0,万载县自然资源局,邓金贤,2023-12-13,,江西省宜春市万载县白水乡永新村,84711,A,2016-2-16,1
116.00023,28.26644,1170,江西省,宜春市,丰城市,江西省宜春市丰城市段潭乡三塘村委会,C3609812009087130049606,C3609812009087130049606002,C3609812009087130049606002,116.00023,28.26644,3082.53,无法确认治理恢复责任主体的无主废弃矿山,完全修复,自然恢复,Dec-24,3082.53,0,丰城市自然资源局,刘俊峰,2025-1-2,,江西省宜春市丰城市段潭乡三塘村委会,84853,A,2015年,1
115.56147,28.282593,1171,江西省,宜春市,丰城市,江西省宜春市丰城市董家镇金塘村委会,C3609812010057130066546,C3609812010057130066546001,C3609812010057130066546001,115.56147,28.282593,30532.39,无法确认治理恢复责任主体的无主废弃矿山,完全修复,自然恢复,Dec-24,30532.39,0,丰城市自然资源局,刘俊峰,2025-1-3,,江西省宜春市丰城市董家镇金塘村委会,83907,A,2011,1
115.86619,28.125143,1172,江西省,宜春市,丰城市,江西省宜春市丰城市石滩镇蛟塘村委会/石滩镇里城村委会,C3609812011057130116253,C3609812011057130116253002,C3609812011057130116253002,115.86619,28.125143,63333.17,无法确认治理恢复责任主体的无主废弃矿山,完全修复,自然恢复,Dec-24,63333.17,0,丰城市自然资源局,刘俊峰,2025-1-3,,江西省宜春市丰城市石滩镇蛟塘村委会/石滩镇里城村委会,84412,A,2012年,1
115.27422,28.46613,1175,江西省,宜春市,高安市,江西省宜春市高安市石脑镇岳飞林场,C3609832009037120008631,C3609832009037120008631005,C3609832009037120008631005,115.27422,28.46613,14125.82,由政府承担治理恢复责任的政策性关闭矿山,完全修复,自然恢复,Dec-23,14125.82,0,高安市自然资源局,黄文,2024-1-9,,江西省宜春市高安市石脑镇岳飞林场,84412,A,2017,1
114.15657,27.758343,1179,江西省,宜春市,袁州区,江西省宜春市袁州区西村镇大村村委会,C3600002009041120010146,C3600002009041120010146002,C3600002009041120010146002,114.15657,27.758343,18232.57,无法确认治理恢复责任主体的无主废弃矿山,完全修复,自然恢复,Dec-24,18232.57,0,宜春市自然资源局袁州分局,陈焯、杨庚、江冬亲,2024-12-16,,江西省宜春市袁州区西村镇大村村委会,11001,B,2014,1
114.157936,27.759077,1180,江西省,宜春市,袁州区,江西省宜春市袁州区西村镇大村村委会,C3600002009041120010146,C3600002009041120010146003,C3600002009041120010146003,114.157936,27.759077,4934.69,无法确认治理恢复责任主体的无主废弃矿山,完全修复,自然恢复,Dec-24,4934.69,0,宜春市自然资源局袁州分局,杨庚,2024-12-16,,江西省宜春市袁州区西村镇大村村委会,11001,B,2018年之前,2
114.714676,27.937601,1182,江西省,新余市,分宜县,江西省新余市分宜县双林镇黄家村,C3600002009061120020925,C3600002009061120020925008,C3600002009061120020925008,114.714676,27.937601,657.48,无法确认治理恢复责任主体的无主废弃矿山,完全修复,自然恢复,Dec-24,657.48,0,分宜县自然资源局,王海栋,2025-1-2,,江西省新余市分宜县双林镇黄家村,11001,B,1998年,2
114.71558,27.936152,1183,江西省,新余市,分宜县,江西省新余市分宜县双林镇黄家村,C3600002009061120020925,C3600002009061120020925010,C3600002009061120020925010,114.71558,27.936152,1851.17,无法确认治理恢复责任主体的无主废弃矿山,完全修复,自然恢复,Dec-23,1851.17,0,分宜县自然资源局,王海栋,2023-12-21,,江西省新余市分宜县双林镇黄家村,11001,A,1998年,2
114.67226,27.951864,1184,江西省,新余市,分宜县,江西省新余市分宜县双林镇白水村,C3600002009061120020928,C3600002009061120020928005,C3600002009061120020928005,114.67226,27.951864,1338.28,无法确认治理恢复责任主体的无主废弃矿山,完全修复,自然恢复,Dec-24,1338.28,0,分宜县自然资源局,王海栋,2025-1-2,,江西省新余市分宜县双林镇白水村,84412,A,2009年,2
115.03845,28.434103,1186,江西省,宜春市,宜丰县,江西省宜春市宜丰县棠浦镇姚家村,C3600002009061120024366,C3600002009061120024366012,C3600002009061120024366012,115.03845,28.434103,7963.58,无法确认治理恢复责任主体的无主废弃矿山,完全修复,自然恢复,Dec-23,7963.58,0,宜丰县自然资源局,漆龙国,2023-12-29,,江西省宜春市宜丰县棠浦镇姚家村,11001,B,2017,2
114.845695,27.954865,1187,江西省,新余市,渝水区,江西省新余市渝水区欧里镇白梅村,C3600002009061130020950,C3600002009061130020950001,C3600002009061130020950001,114.845695,27.954865,765.3,无法确认治理恢复责任主体的无主废弃矿山,完全修复,自然恢复,Dec-23,765.3,0,新余市自然资源局渝水分局,欧阳勇,2024-1-15,,江西省新余市渝水区欧里镇白梅村,11001,B,2016,1
114.84678,27.954733,1188,江西省,新余市,渝水区,江西省新余市渝水区欧里镇白梅村,C3600002009061130020950,C3600002009061130020950002,C3600002009061130020950002,114.84678,27.954733,363.98,无法确认治理恢复责任主体的无主废弃矿山,完全修复,自然恢复,Dec-23,363.98,0,新余市自然资源局渝水分局,欧阳勇,2024-1-15,,江西省新余市渝水区欧里镇白梅村,11001,B,2016,1
114.29455,27.490911,1190,江西省,吉安市,安福县,江西省吉安市安福县泰山乡月家村,C3600002009063120024375,C3600002009063120024375001,C3600002009063120024375001,114.29455,27.490911,4121.44,无法确认治理恢复责任主体的无主废弃矿山,完全修复,自然恢复,Dec-24,4121.44,0,安福县自然资源局,肖数清,2025-2-11,,江西省吉安市安福县泰山乡月家村,32014,B,2015年,1
115.81304,27.976748,1191,江西省,宜春市,丰城市,江西省宜春市丰城市洛市镇庄田村委会,C3600002009071120028759,C3600002009071120028759001,C3600002009071120028759001,115.81304,27.976748,1324.27,无法确认治理恢复责任主体的无主废弃矿山,完全修复,自然恢复,Dec-24,1324.27,0,丰城市自然资源局,余国庆,2025-1-2,,江西省宜春市丰城市洛市镇庄田村委会,11001,B,2016,1
115.61174,28.254318,1192,江西省,宜春市,丰城市,江西省宜春市丰城市梅林镇池塘村委会,C3600002009071120028771,C3600002009071120028771002,C3600002009071120028771002,115.61174,28.254318,10548.82,由政府承担治理恢复责任的政策性关闭矿山,完全修复,自然恢复,Dec-24,10548.82,0,丰城市自然资源局,刘俊峰,2025-1-2,,江西省宜春市丰城市梅林镇池塘村委会,11001,B,2018,1
115.54009,28.199697,1194,江西省,宜春市,丰城市,江西省宜春市丰城市泉港镇塘坊村委会,C3600002009071120028774,C3600002009071120028774002,C3600002009071120028774002,115.54009,28.199697,4059.14,由政府承担治理恢复责任的政策性关闭矿山,完全修复,自然恢复,Dec-24,4059.14,0,丰城市自然资源局,刘俊峰,2025-1-2,,江西省宜春市丰城市泉港镇塘坊村委会,11001,B,2018,1
114.22686,27.80737,1201,江西省,宜春市,袁州区,江西省宜春市袁州区新田镇龙源村委会,C3600002009081120031509,C3600002009081120031509012,C3600002009081120031509012,114.22686,27.80737,13557.47,无法确认治理恢复责任主体的无主废弃矿山,完全修复,自然恢复,Dec-24,13557.47,0,宜春市自然资源局袁州分局,杨庚,2024-12-24,,江西省宜春市袁州区新田镇龙源村委会,11001,B,2017,1
114.103806,27.897285,1202,江西省,宜春市,袁州区,江西省宜春市袁州区飞剑潭乡塘源村委会,C3600002009081120031510,C3600002009081120031510001,C3600002009081120031510001,114.103806,27.897285,5258.26,无法确认治理恢复责任主体的无主废弃矿山,完全修复,自然恢复,Dec-23,5258.26,0,宜春市自然资源局袁州分局,杨庚,2024-1-3,,江西省宜春市袁州区飞剑潭乡塘源村委会,11001,B,2018年之前,1
114.10389,27.897556,1203,江西省,宜春市,袁州区,江西省宜春市袁州区飞剑潭乡塘源村委会,C3600002009081120031510,C3600002009081120031510002,C3600002009081120031510002,114.10389,27.897556,6136.46,无法确认治理恢复责任主体的无主废弃矿山,完全修复,自然恢复,Dec-23,6136.46,0,宜春市自然资源局袁州分局,杨庚,2024-1-3,,江西省宜春市袁州区飞剑潭乡塘源村委会,11001,B,2018年之前,1
114.1188,27.896643,1204,江西省,宜春市,袁州区,江西省宜春市袁州区飞剑潭乡殊桥村委会,C3600002009081120031510,C3600002009081120031510005,C3600002009081120031510005,114.1188,27.896643,1196.38,无法确认治理恢复责任主体的无主废弃矿山,完全修复,自然恢复,Dec-23,1196.38,0,宜春市自然资源局袁州分局,杨庚,2024-1-3,,江西省宜春市袁州区飞剑潭乡殊桥村委会,11001,A,2018年之前,2
113.993355,27.93174,1205,江西省,宜春市,袁州区,江西省宜春市袁州区慈化镇柘塘村委会,C3600002009081120031518,C3600002009081120031518002,C3600002009081120031518002,113.993355,27.93174,1588.94,无法确认治理恢复责任主体的无主废弃矿山,完全修复,自然恢复,Dec-23,1588.94,0,宜春市自然资源局袁州分局,杨庚,2024-1-6,,江西省宜春市袁州区慈化镇柘塘村委会,11001,B,2018年之前,2
113.99379,27.931456,1206,江西省,宜春市,袁州区,江西省宜春市袁州区慈化镇柘塘村委会,C3600002009081120031518,C3600002009081120031518003,C3600002009081120031518003,113.99379,27.931456,51.93,无法确认治理恢复责任主体的无主废弃矿山,完全修复,自然恢复,Dec-23,51.93,0,宜春市自然资源局袁州分局,杨庚,2024-1-6,,江西省宜春市袁州区慈化镇柘塘村委会,11001,B,2018年之前,2
113.99384,27.933632,1207,江西省,宜春市,袁州区,江西省宜春市袁州区慈化镇柘塘村委会,C3600002009081120031518,C3600002009081120031518004,C3600002009081120031518004,113.99384,27.933632,1148.57,无法确认治理恢复责任主体的无主废弃矿山,完全修复,自然恢复,Dec-23,1148.57,0,宜春市自然资源局袁州分局,杨庚,2024-1-6,,江西省宜春市袁州区慈化镇柘塘村委会,11001,B,2018年之前,2
114.00233,27.960814,1208,江西省,宜春市,袁州区,江西省宜春市袁州区慈化镇山楚村委会,C3600002009081120031518,C3600002009081120031518016,C3600002009081120031518016,114.00233,27.960814,6399.33,无法确认治理恢复责任主体的无主废弃矿山,完全修复,自然恢复,Dec-23,6399.33,0,宜春市自然资源局袁州分局,杨庚,2024-1-6,,江西省宜春市袁州区慈化镇山楚村委会,11001,B,2018年之前,1
114.14761,27.876898,1211,江西省,宜春市,袁州区,江西省宜春市袁州区辽市镇上西村委会,C3600002009081120031534,C3600002009081120031534007,C3600002009081120031534007,114.14761,27.876898,1871.19,无法确认治理恢复责任主体的无主废弃矿山,完全修复,自然恢复,Dec-23,1871.19,0,宜春市自然资源局袁州分局,杨庚,2024-1-6,,江西省宜春市袁州区辽市镇上西村委会,83907,A,2018年之前,1
114.14924,27.882793,1212,江西省,宜春市,袁州区,江西省宜春市袁州区辽市镇上西村委会,C3600002009081120031534,C3600002009081120031534010,C3600002009081120031534010,114.14924,27.882793,1611.12,无法确认治理恢复责任主体的无主废弃矿山,完全修复,自然恢复,Dec-23,1611.12,0,宜春市自然资源局袁州分局,杨庚,2024-1-6,,江西省宜春市袁州区辽市镇上西村委会,11001,B,2018年之前,2
115.25251,25.64413,1218,江西省,赣州市,于都县,江西省赣州市于都县祁禄山镇马岭村,C3600002009091120034639,C3600002009091120034639011,C3600002009091120034639011,115.25251,25.64413,1936.37,无法确认治理恢复责任主体的无主废弃矿山,完全修复,自然恢复,Dec-23,1936.37,0,于都县自然资源局,唐晓珍,2024-1-19,,江西省赣州市于都县祁禄山镇马岭村,11001,B,2018年之前,1
115.6825,26.007648,1233,江西省,赣州市,于都县,江西省赣州市于都县宽田乡上堡畲族村,C3600002009111120041244,C3600002009111120041244002,C3600002009111120041244002,115.6825,26.007648,667.94,由政府承担治理恢复责任的政策性关闭矿山,完全修复,自然恢复,Dec-23,667.94,0,于都县自然资源局,唐晓珍,2024-1-19,,江西省赣州市于都县宽田乡上堡畲族村,11001,B,20151024,1
115.77947,27.942762,1243,江西省,宜春市,丰城市,江西省宜春市丰城市荷湖乡车草村委会,C3600002009121120047917,C3600002009121120047917004,C3600002009121120047917004,115.77947,27.942762,17418.64,无法确认治理恢复责任主体的无主废弃矿山,完全修复,自然恢复,Dec-24,17418.64,0,丰城市自然资源局,刘俊峰,2025-1-2,,江西省宜春市丰城市荷湖乡车草村委会,11001,B,2017,1
115.51785,25.83104,1245,江西省,赣州市,于都县,江西省赣州市于都县禾丰镇石迳村,C3600002009121120047929,C3600002009121120047929009,C3600002009121120047929009,115.51785,25.83104,819.67,由政府承担治理恢复责任的政策性关闭矿山,完全修复,自然恢复,Dec-23,819.67,0,于都县自然资源局,唐晓珍,2024-1-19,,江西省赣州市于都县禾丰镇石迳村,11001,B,20160719,3
115.171074,24.873068,1283,江西省,赣州市,定南县,江西省赣州市定南县龙塘镇桐坑村,C3607282010017120054090,C3607282010017120054090001,C3607282010017120054090001,115.171074,24.873068,6036.59,无法确认治理恢复责任主体的无主废弃矿山,完全修复,自然恢复,Dec-23,6036.59,0,定南县自然资源局,朱红,2023-12-7,,江西省赣州市定南县龙塘镇桐坑村,83907,A,2015年之前,7
114.95965,24.794224,1284,江西省,赣州市,定南县,江西省赣州市定南县关西镇关东村/历市镇修建村,C3607282010017120054284,C3607282010017120054284001,C3607282010017120054284001,114.95965,24.794224,76598.67,无法确认治理恢复责任主体的无主废弃矿山,完全修复,自然恢复,Dec-23,76598.67,0,定南县自然资源局,朱红,2023-12-7,,江西省赣州市定南县关西镇关东村/历市镇修建村,84711,A,2016年之前,1
114.96171,24.795153,1285,江西省,赣州市,定南县,江西省赣州市定南县历市镇修建村,C3607282010017120054284,C3607282010017120054284002,C3607282010017120054284002,114.96171,24.795153,21036.8,无法确认治理恢复责任主体的无主废弃矿山,完全修复,自然恢复,Dec-23,21036.8,0,定南县自然资源局,朱红,2023-12-7,,江西省赣州市定南县历市镇修建村,84711,A,2016年之前,1
115.91722,26.269505,1303,江西省,赣州市,宁都县,江西省赣州市宁都县黄石镇大岭村民委员会,C3607302009047120018548,C3607302009047120018548002,C3607302009047120018548002,115.91722,26.269505,4533.77,无法确认治理恢复责任主体的无主废弃矿山,完全修复,自然恢复,Dec-23,4533.77,0,宁都县自然资源局,温智雄,2024-1-17,,江西省赣州市宁都县黄石镇大岭村民委员会,84412,A,2018年,1
115.73306,25.36393,1326,江西省,赣州市,会昌县,江西省赣州市会昌县周田镇连丰村/周田镇桥塘村,C3607332011017130104489,C3607332011017130104489002,C3607332011017130104489002,115.73306,25.36393,13323.38,由政府承担治理恢复责任的政策性关闭矿山,完全修复,自然恢复,Dec-23,13323.38,0,会昌县自然资源局,邱祺,2024-1-2,,江西省赣州市会昌县周田镇连丰村/周田镇桥塘村,84132,A,2018-7-21,1
115.81763,25.547451,1327,江西省,赣州市,会昌县,江西省赣州市会昌县文武坝镇林富村,C3607332011017130105453,C3607332011017130105453001,C3607332011017130105453001,115.81763,25.547451,21436.09,无法确认治理恢复责任主体的无主废弃矿山,完全修复,自然恢复,Dec-23,21436.09,0,会昌县自然资源局,邱祺,2024-1-2,,江西省赣州市会昌县文武坝镇林富村,84711,A,2017-12-26,1
115.73676,25.3526,1329,江西省,赣州市,会昌县,江西省赣州市会昌县周田镇河墩村/周田镇小田村/周田镇长田村,C3607332011017130118854,C3607332011017130118854001,C3607332011017130118854001,115.73676,25.3526,15500.53,由政府承担治理恢复责任的政策性关闭矿山,完全修复,自然恢复,Dec-23,15500.53,0,会昌县自然资源局,邱祺,2024-1-2,,江西省赣州市会昌县周田镇河墩村/周田镇小田村/周田镇长田村,84132,A,2017-1-29,1
115.753296,25.355007,1331,江西省,赣州市,会昌县,江西省赣州市会昌县周田镇长田村,C3607332011057130125415,C3607332011057130125415001,C3607332011057130125415001,115.753296,25.355007,29760.71,由政府承担治理恢复责任的政策性关闭矿山,完全修复,工程修复  自然恢复,2023-12 2023-12,29760.71,0,会昌县自然资源局,邱祺,2024-1-2,,江西省赣州市会昌县周田镇长田村,84132,A,2014-5-18,1
114.7087,27.187075,1360,江西省,吉安市,吉安县,江西省吉安市吉安县浬田镇沂塘村,C3608002009067110023026,C3608002009067110023026016,C3608002009067110023026016,114.7087,27.187075,55847.99,无法确认治理恢复责任主体的无主废弃矿山,完全修复,自然恢复,Dec-24,55847.99,0,吉安县自然资源局,李振坤,2025-1-6,,江西省吉安市吉安县浬田镇沂塘村,84412,A,2015年前,1
114.712906,27.189056,1361,江西省,吉安市,吉安县,江西省吉安市吉安县浬田镇沂塘村,C3608002009067110023026,C3608002009067110023026017,C3608002009067110023026017,114.712906,27.189056,23768.69,无法确认治理恢复责任主体的无主废弃矿山,完全修复,自然恢复,Dec-24,23768.69,0,吉安县自然资源局,李振坤,2025-1-6,,江西省吉安市吉安县浬田镇沂塘村,99999,A,2015年前,7
115.80876,27.036633,1367,江西省,吉安市,永丰县,江西省吉安市永丰县石马镇济民村,C3608002010087130073070,C3608002010087130073070002,C3608002010087130073070002,115.80876,27.036633,17075.46,无法确认治理恢复责任主体的无主废弃矿山,完全修复,自然恢复,Dec-24,17075.46,0,永丰县自然资源局,李皆林,2025-1-13,,江西省吉安市永丰县石马镇济民村,84911,A,2018,1
115.763275,27.015429,1368,江西省,吉安市,永丰县,江西省吉安市永丰县石马镇东湖村,C3608002012067130125732,C3608002012067130125732002,C3608002012067130125732002,115.763275,27.015429,4940,无法确认治理恢复责任主体的无主废弃矿山,完全修复,自然恢复,Dec-24,4940,0,永丰县自然资源局,李皆林,2025-1-13,,江西省吉安市永丰县石马镇东湖村,84412,A,2017,7
116.07792,28.409044,1380,江西省,南昌市,进贤县,江西省南昌市进贤县泉岭乡前溪村,C3601242009047120009890,C3601242009047120009890002,C3601242009047120009890002,116.07792,28.409044,3997.89,由政府承担治理恢复责任的政策性关闭矿山,完全修复,自然恢复,Dec-24,3997.89,0,进贤县自然资源局,杨信平,2025-1-6,,江西省南昌市进贤县泉岭乡前溪村,84412,A,2017,1
116.10179,28.39722,1381,江西省,南昌市,进贤县,江西省南昌市进贤县泉岭乡义垅村,C3601242009047120009891,C3601242009047120009891001,C3601242009047120009891001,116.10179,28.39722,5746.14,由政府承担治理恢复责任的政策性关闭矿山,完全修复,自然恢复,Dec-24,5746.14,0,进贤县自然资源局,杨信平,2025-1-6,,江西省南昌市进贤县泉岭乡义垅村,84412,A,2018,1
116.103035,28.39654,1382,江西省,南昌市,进贤县,江西省南昌市进贤县泉岭乡王家村/泉岭乡义垅村,C3601242009047120009891,C3601242009047120009891002,C3601242009047120009891002,116.103035,28.39654,7917.64,由政府承担治理恢复责任的政策性关闭矿山,完全修复,自然恢复,Dec-24,7917.64,0,进贤县自然资源局,杨信平,2025-1-6,,江西省南昌市进贤县泉岭乡王家村/泉岭乡义垅村,84412,A,2018,1
116.10459,28.398073,1383,江西省,南昌市,进贤县,江西省南昌市进贤县泉岭乡义垅村,C3601242009047120009891,C3601242009047120009891004,C3601242009047120009891004,116.10459,28.398073,3601.6,由政府承担治理恢复责任的政策性关闭矿山,完全修复,自然恢复,Dec-24,3601.6,0,进贤县自然资源局,杨信平,2025-1-6,,江西省南昌市进贤县泉岭乡义垅村,84412,A,2018,1
116.10612,28.39382,1384,江西省,南昌市,进贤县,江西省南昌市进贤县泉岭乡长岗村,C3601242009047120009891,C3601242009047120009891005,C3601242009047120009891005,116.10612,28.39382,24315.89,由政府承担治理恢复责任的政策性关闭矿山,完全修复,自然恢复,Dec-24,24315.89,0,进贤县自然资源局,杨信平,2025-1-6,,江西省南昌市进贤县泉岭乡长岗村,84412,A,2018,1
116.34125,28.36268,1385,江西省,南昌市,进贤县,江西省南昌市进贤县民和镇西塘村,C3601242009047120009892,C3601242009047120009892001,C3601242009047120009892001,116.34125,28.36268,17920.91,由政府承担治理恢复责任的政策性关闭矿山,完全修复,自然恢复,Dec-24,17920.91,0,进贤县自然资源局,杨信平,2025-1-6,,江西省南昌市进贤县民和镇西塘村,84412,A,2018,1
116.31212,28.374464,1387,江西省,南昌市,进贤县,江西省南昌市进贤县民和镇常湖村,C3601242009057120014192,C3601242009057120014192003,C3601242009057120014192003,116.31212,28.374464,8605.73,无法确认治理恢复责任主体的无主废弃矿山,完全修复,自然恢复,Dec-24,8605.73,0,进贤县自然资源局,杨信平,2025-1-6,,江西省南昌市进贤县民和镇常湖村,84412,A,2017,1
116.24479,28.479687,1388,江西省,南昌市,进贤县,江西省南昌市进贤县前坊镇大池村/前坊镇焦家村,C3601242009057120014202,C3601242009057120014202001,C3601242009057120014202001,116.24479,28.479687,15171.92,由政府承担治理恢复责任的政策性关闭矿山,完全修复,自然恢复,Dec-24,15171.92,0,进贤县自然资源局,杨信平,2025-1-6,,江西省南昌市进贤县前坊镇大池村/前坊镇焦家村,84412,A,2018,1
116.383,28.508127,1391,江西省,南昌市,进贤县,江西省南昌市进贤县南台乡高坑村,C3601242009057120014214,C3601242009057120014214002,C3601242009057120014214002,116.383,28.508127,15655,无法确认治理恢复责任主体的无主废弃矿山,完全修复,自然恢复,Dec-24,15655,0,进贤县自然资源局,杨信平,2025-1-6,,江西省南昌市进贤县南台乡高坑村,84412,A,2015,1
116.38401,28.50767,1392,江西省,南昌市,进贤县,江西省南昌市进贤县南台乡高坑村,C3601242009057120014214,C3601242009057120014214003,C3601242009057120014214003,116.38401,28.50767,11497.61,无法确认治理恢复责任主体的无主废弃矿山,完全修复,自然恢复,Dec-24,11497.61,0,进贤县自然资源局,杨信平,2025-1-6,,江西省南昌市进贤县南台乡高坑村,84412,A,2015,1
116.31793,28.360493,1393,江西省,南昌市,进贤县,江西省南昌市进贤县民和镇常湖村,C3601242009057120014218,C3601242009057120014218002,C3601242009057120014218002,116.31793,28.360493,14090.52,由政府承担治理恢复责任的政策性关闭矿山,完全修复,自然恢复,Dec-24,14090.52,0,进贤县自然资源局,杨信平,2025-1-6,图斑为水面，取证时为枯水期,江西省南昌市进贤县民和镇常湖村,84412,A,2018,1
116.49042,28.450855,1394,江西省,南昌市,进贤县,江西省南昌市进贤县钟陵乡三岸村,C3601242009057120014220,C3601242009057120014220002,C3601242009057120014220002,116.49042,28.450855,28951.23,无法确认治理恢复责任主体的无主废弃矿山,完全修复,自然恢复,Dec-24,28951.23,0,进贤县自然资源局,杨信平,2025-1-6,,江西省南昌市进贤县钟陵乡三岸村,84412,A,2016,1
116.21158,28.371256,1395,江西省,南昌市,进贤县,江西省南昌市进贤县民和镇义坊村,C3601242009057120014222,C3601242009057120014222001,C3601242009057120014222001,116.21158,28.371256,3910.18,由政府承担治理恢复责任的政策性关闭矿山,完全修复,自然恢复,Dec-24,3910.18,0,进贤县自然资源局,杨信平,2025-1-6,,江西省南昌市进贤县民和镇义坊村,84412,A,2017,1
116.05171,28.397696,1396,江西省,南昌市,进贤县,江西省南昌市进贤县泉岭乡何桥村/泉岭乡梁东村,C3601242009057120014232,C3601242009057120014232001,C3601242009057120014232001,116.05171,28.397696,10017.37,由政府承担治理恢复责任的政策性关闭矿山,完全修复,自然恢复,Dec-24,10017.37,0,进贤县自然资源局,杨信平,2025-1-6,,江西省南昌市进贤县泉岭乡何桥村/泉岭乡梁东村,84412,A,2018,1
116.05236,28.395412,1397,江西省,南昌市,进贤县,江西省南昌市进贤县泉岭乡何桥村,C3601242009057120014232,C3601242009057120014232002,C3601242009057120014232002,116.05236,28.395412,1882.68,由政府承担治理恢复责任的政策性关闭矿山,完全修复,自然恢复,Dec-24,1882.68,0,进贤县自然资源局,杨信平,2025-1-6,,江西省南昌市进贤县泉岭乡何桥村,84412,A,2018,1
116.0527,28.396425,1398,江西省,南昌市,进贤县,江西省南昌市进贤县泉岭乡何桥村,C3601242009057120014232,C3601242009057120014232003,C3601242009057120014232003,116.0527,28.396425,11125.24,由政府承担治理恢复责任的政策性关闭矿山,完全修复,自然恢复,Dec-24,11125.24,0,进贤县自然资源局,杨信平,2025-1-6,,江西省南昌市进贤县泉岭乡何桥村,84412,A,2018,1
116.2079,28.221056,1399,江西省,南昌市,进贤县,江西省南昌市进贤县李渡镇安阳村/长山晏乡上付村,C3601242009057120014234,C3601242009057120014234002,C3601242009057120014234002,116.2079,28.221056,10556.31,由政府承担治理恢复责任的政策性关闭矿山,完全修复,自然恢复,Dec-24,10556.31,0,进贤县自然资源局,杨信平,2025-1-6,,江西省南昌市进贤县李渡镇安阳村/长山晏乡上付村,84412,A,2018,1
116.068474,28.394041,1400,江西省,南昌市,进贤县,江西省南昌市进贤县泉岭乡前溪村,C3601242009057120014235,C3601242009057120014235001,C3601242009057120014235001,116.068474,28.394041,20479.62,由政府承担治理恢复责任的政策性关闭矿山,完全修复,自然恢复,Dec-24,20479.62,0,进贤县自然资源局,杨信平,2025-1-6,图斑照片为枯水期,江西省南昌市进贤县泉岭乡前溪村,84412,A,2018,1
116.07432,28.390135,1402,江西省,南昌市,进贤县,江西省南昌市进贤县泉岭乡大塘村/泉岭乡前溪村,C3601242009057120014235,C3601242009057120014235003,C3601242009057120014235003,116.07432,28.390135,6618.09,由政府承担治理恢复责任的政策性关闭矿山,完全修复,自然恢复,Dec-24,6618.09,0,进贤县自然资源局,杨信平,2025-1-6,,江西省南昌市进贤县泉岭乡大塘村/泉岭乡前溪村,84412,A,2018,1
116.07337,28.411427,1404,江西省,南昌市,进贤县,江西省南昌市进贤县泉岭乡何桥村,C3601242009057120014236,C3601242009057120014236002,C3601242009057120014236002,116.07337,28.411427,2494.1,无法确认治理恢复责任主体的无主废弃矿山,完全修复,自然恢复,Dec-24,2494.1,0,进贤县自然资源局,杨信平,2025-1-6,,江西省南昌市进贤县泉岭乡何桥村,84412,A,2017,1
116.38333,28.286715,1405,江西省,南昌市,进贤县,江西省南昌市进贤县下埠集乡柯溪村,C3601242009057120014253,C3601242009057120014253001,C3601242009057120014253001,116.38333,28.286715,8934.54,无法确认治理恢复责任主体的无主废弃矿山,完全修复,自然恢复,Dec-24,8934.54,0,进贤县自然资源局,杨信平,2025-1-6,,江西省南昌市进贤县下埠集乡柯溪村,84412,A,2017,1
116.1854,28.295033,1406,江西省,南昌市,进贤县,江西省南昌市进贤县文港镇中星村,C3601242009057120014301,C3601242009057120014301004,C3601242009057120014301004,116.1854,28.295033,31979.14,由政府承担治理恢复责任的政策性关闭矿山,完全修复,自然恢复,Dec-24,31979.14,0,进贤县自然资源局,杨信平,2025-1-6,图斑照片为枯水期,江西省南昌市进贤县文港镇中星村,84412,A,2018,1
116.13288,28.335659,1408,江西省,南昌市,进贤县,江西省南昌市进贤县温圳镇泉溪村,C3601242009057120014307,C3601242009057120014307002,C3601242009057120014307002,116.13288,28.335659,4123.2,由政府承担治理恢复责任的政策性关闭矿山,完全修复,自然恢复,Dec-24,4123.2,0,进贤县自然资源局,杨信平,2025-1-6,,江西省南昌市进贤县温圳镇泉溪村,84412,A,2018,1
116.13401,28.334265,1409,江西省,南昌市,进贤县,江西省南昌市进贤县温圳镇泉溪村,C3601242009057120014307,C3601242009057120014307003,C3601242009057120014307003,116.13401,28.334265,4520.11,由政府承担治理恢复责任的政策性关闭矿山,完全修复,自然恢复,Dec-24,4520.11,0,进贤县自然资源局,杨信平,2025-1-6,,江西省南昌市进贤县温圳镇泉溪村,84412,A,2018,1
116.500114,28.47716,1410,江西省,南昌市,进贤县,江西省南昌市进贤县钟陵乡盛家村,C3601242009057120032933,C3601242009057120032933003,C3601242009057120032933003,116.500114,28.47716,11524.29,由政府承担治理恢复责任的政策性关闭矿山,完全修复,自然恢复,Dec-24,11524.29,0,进贤县自然资源局,杨信平,2025-1-6,,江西省南昌市进贤县钟陵乡盛家村,84412,A,2018,1
116.083145,28.412695,1411,江西省,南昌市,进贤县,江西省南昌市进贤县泉岭乡义垅村,C3601242009067120020354,C3601242009067120020354001,C3601242009067120020354001,116.083145,28.412695,2188.48,由政府承担治理恢复责任的政策性关闭矿山,完全修复,自然恢复,Dec-24,2188.48,0,进贤县自然资源局,杨信平,2025-1-6,,江西省南昌市进贤县泉岭乡义垅村,84412,A,2017,1
116.10409,28.362576,1412,江西省,南昌市,进贤县,江西省南昌市进贤县温圳镇路边村/温圳镇罗家村/温圳镇院上村/,C3601242009067120020357,C3601242009067120020357002,C3601242009067120020357002,116.10409,28.362576,24524.64,由政府承担治理恢复责任的政策性关闭矿山,完全修复,自然恢复,Dec-24,24524.64,0,进贤县自然资源局,杨信平,2025-1-6,,江西省南昌市进贤县温圳镇路边村/温圳镇罗家村/温圳镇院上村/,84412,A,2017,1
116.30429,28.395544,1413,江西省,南昌市,进贤县,江西省南昌市进贤县民和镇北岭村,C3601242009067120020360,C3601242009067120020360001,C3601242009067120020360001,116.30429,28.395544,6531.18,由政府承担治理恢复责任的政策性关闭矿山,完全修复,自然恢复,Dec-24,6531.18,0,进贤县自然资源局,杨信平,2025-1-6,图斑部分被老表种了树,江西省南昌市进贤县民和镇北岭村,84412,A,2018,1
116.30498,28.395142,1414,江西省,南昌市,进贤县,江西省南昌市进贤县民和镇北岭村,C3601242009067120020360,C3601242009067120020360002,C3601242009067120020360002,116.30498,28.395142,6976.88,由政府承担治理恢复责任的政策性关闭矿山,完全修复,自然恢复,Dec-24,6976.88,0,进贤县自然资源局,杨信平,2025-1-6,,江西省南昌市进贤县民和镇北岭村,84412,A,2018,1
116.30633,28.39591,1415,江西省,南昌市,进贤县,江西省南昌市进贤县民和镇北岭村,C3601242009067120020360,C3601242009067120020360004,C3601242009067120020360004,116.30633,28.39591,8676.29,由政府承担治理恢复责任的政策性关闭矿山,完全修复,自然恢复,Dec-24,8676.29,0,进贤县自然资源局,杨信平,2025-1-6,,江西省南昌市进贤县民和镇北岭村,84412,A,2018,1
116.302086,28.393225,1416,江西省,南昌市,进贤县,江西省南昌市进贤县民和镇北岭村,C3601242009067120020362,C3601242009067120020362001,C3601242009067120020362001,116.302086,28.393225,7937.68,由政府承担治理恢复责任的政策性关闭矿山,完全修复,自然恢复,Dec-24,7937.68,0,进贤县自然资源局,杨信平,2025-1-6,,江西省南昌市进贤县民和镇北岭村,84412,A,2018,1
116.49449,28.359713,1417,江西省,南昌市,进贤县,江西省南昌市进贤县省永桥农场,C3601242009067120020364,C3601242009067120020364001,C3601242009067120020364001,116.49449,28.359713,14427.5,由政府承担治理恢复责任的政策性关闭矿山,完全修复,自然恢复,Dec-24,14427.5,0,进贤县自然资源局,杨信平,2025-1-6,,江西省南昌市进贤县省永桥农场,84412,A,2018,1
116.49635,28.360985,1418,江西省,南昌市,进贤县,江西省南昌市进贤县省永桥农场/衙前乡北山林场/衙前乡罗家村/,C3601242009067120020364,C3601242009067120020364002,C3601242009067120020364002,116.49635,28.360985,32699.35,由政府承担治理恢复责任的政策性关闭矿山,完全修复,自然恢复,Dec-24,32699.35,0,进贤县自然资源局,杨信平,2025-1-6,,江西省南昌市进贤县省永桥农场/衙前乡北山林场/衙前乡罗家村/,84412,A,2018,1
116.4463,28.416092,1419,江西省,南昌市,进贤县,江西省南昌市进贤县池溪乡县观花岭林场,C3601242009067120020366,C3601242009067120020366002,C3601242009067120020366002,116.4463,28.416092,31472.66,由政府承担治理恢复责任的政策性关闭矿山,完全修复,自然恢复,Dec-24,31472.66,0,进贤县自然资源局,杨信平,2025-1-6,,江西省南昌市进贤县池溪乡县观花岭林场,84412,A,2018,1
115.66662,27.163465,1420,江西省,吉安市,永丰县,江西省吉安市永丰县瑶田镇都溪村,3.6E+12,3.6E+15,3.6E+15,115.66662,27.163465,56625,无法确认治理恢复责任主体的无主废弃矿山,完全修复,自然恢复,Dec-24,56625,0,永丰县自然资源局,李皆林,2025-1-13,图斑基本无路可进，故无实地照片，上传航飞图佐证。,江西省吉安市永丰县瑶田镇都溪村,22001,A,2018,1
115.62312,29.375978,1423,江西省,九江市,德安县,江西省九江市德安县磨溪乡宝泉村委会,3.60426E+12,3.60426E+15,3.60426E+15,115.62312,29.375978,2370.13,无法确认治理恢复责任主体的无主废弃矿山,完全修复,自然恢复,Dec-24,2370.13,0,德安县自然资源局,吴杏松,2023-4-25,江西省自然资源厅办公室关于2024年度历史遗留矿山修复成果复核意见的函-第43条,江西省九江市德安县磨溪乡宝泉村委会,83907,A,2006,1
114.80557,27.168917,1444,江西省,吉安市,吉安县,江西省吉安市吉安县固江镇芦西村/吉州区兴桥镇东塘村,3.60821E+12,3.60821E+15,3.60821E+15,114.80557,27.168917,28140.77,无法确认治理恢复责任主体的无主废弃矿山,完全修复,自然恢复,Dec-24,28140.77,0,吉安县自然资源局,李振坤,2025-1-6,,江西省吉安市吉安县固江镇芦西村/吉州区兴桥镇东塘村,84412,A,2011年,2
115.40603,27.284937,1447,江西省,吉安市,永丰县,江西省吉安市永丰县恩江镇岭上村,3.60825E+12,3.60825E+15,3.60825E+16,115.40603,27.284937,12726.44,无法确认治理恢复责任主体的无主废弃矿山,部分修复,自然恢复,Dec-23,9313.33,3413.11,永丰县自然资源局,李皆林,2024-1-4,,江西省吉安市永丰县恩江镇岭上村,84412,A,2017,1
114.47789,27.807556,1448,江西省,宜春市,袁州区,江西省宜春市袁州区下浦街道金桥村委会,3.62201E+12,3.62201E+15,3.62201E+15,114.47789,27.807556,9292.04,无法确认治理恢复责任主体的无主废弃矿山,完全修复,自然恢复,Dec-24,9292.04,0,宜春市自然资源局袁州分局,陈焯、杨庚、江冬亲,2023-4-15,,江西省宜春市袁州区下浦街道金桥村委会,84412,A,2016,1
114.34843,27.92194,1449,江西省,宜春市,袁州区,江西省宜春市袁州区三阳镇泉塘村委会,3.62201E+12,3.62201E+15,3.62201E+15,114.34843,27.92194,4035.1,无法确认治理恢复责任主体的无主废弃矿山,完全修复,自然恢复,Dec-24,4035.1,0,宜春市自然资源局袁州分局,陈焯、杨庚、江冬亲,2024-12-17,,江西省宜春市袁州区三阳镇泉塘村委会,83907,A,2014,1
114.19238,27.960196,1451,江西省,宜春市,袁州区,江西省宜春市袁州区金瑞镇凤山村委会/金瑞镇前进村委会,3.62201E+12,3.62201E+15,3.62201E+15,114.19238,27.960196,21928.7,无法确认治理恢复责任主体的无主废弃矿山,完全修复,自然恢复,Dec-23,21928.7,0,宜春市自然资源局袁州分局,杨庚,2024-1-4,,江西省宜春市袁州区金瑞镇凤山村委会/金瑞镇前进村委会,84412,A,2003,2
114.193886,27.960373,1452,江西省,宜春市,袁州区,江西省宜春市袁州区金瑞镇前进村委会,3.62201E+12,3.62201E+15,3.62201E+15,114.193886,27.960373,3888.06,无法确认治理恢复责任主体的无主废弃矿山,完全修复,自然恢复,Dec-23,3888.06,0,宜春市自然资源局袁州分局,陈焯、杨庚、江冬亲,2024-1-3,,江西省宜春市袁州区金瑞镇前进村委会,84412,A,2018年之前,1
114.07393,27.80986,1453,江西省,宜春市,袁州区,江西省宜春市袁州区竹亭镇罗布村委会,3.62201E+12,3.62201E+15,3.62201E+15,114.07393,27.80986,7080.1,无法确认治理恢复责任主体的无主废弃矿山,完全修复,自然恢复,Dec-24,7080.1,0,宜春市自然资源局袁州分局,杨庚,2024-12-16,,江西省宜春市袁州区竹亭镇罗布村委会,83907,A,2018年之前,1
115.60229,28.29869,1455,江西省,宜春市,丰城市,江西省宜春市丰城市湖塘乡湖塘村委会/湖塘乡燕山村委会,3.62202E+12,3.62202E+15,3.62202E+15,115.60229,28.29869,21004.59,无法确认治理恢复责任主体的无主废弃矿山,完全修复,自然恢复,Dec-24,21004.59,0,丰城市自然资源局,刘俊峰,2025-1-3,,江西省宜春市丰城市湖塘乡湖塘村委会/湖塘乡燕山村委会,84412,A,2013年之前,1
